certified_per_keyper_resistance_usd,total_stress_targets,covered_stress_targets,empirical_certificate_coverage,empirical_certificate_coverage_pct
0,1.46317e+06,0,0,0
25,1.46317e+06,780370,0.5333419903360512,53.33419903360512
50,1.46317e+06,906971,0.6198671377898672,61.98671377898672
75,1.46317e+06,984668,0.6729689646452566,67.29689646452566
100,1.46317e+06,1.038598e+06,0.709827292795779,70.9827292795779
125,1.46317e+06,1.082233e+06,0.739649528079444,73.9649528079444
150,1.46317e+06,1.116768e+06,0.7632523903579215,76.32523903579215
175,1.46317e+06,1.142934e+06,0.7811354798143756,78.11354798143756
200,1.46317e+06,1.166859e+06,0.7974869632373545,79.74869632373544
225,1.46317e+06,1.185815e+06,0.8104423956204679,81.04423956204678
250,1.46317e+06,1.201795e+06,0.8213638879966101,82.136388799661
275,1.46317e+06,1.214498e+06,0.8300457226433019,83.00457226433019
300,1.46317e+06,1.225442e+06,0.8375253729915184,83.75253729915184
325,1.46317e+06,1.247832e+06,0.8528277643746113,85.28277643746112
350,1.46317e+06,1.257014e+06,0.8591031800816037,85.91031800816036
375,1.46317e+06,1.265977e+06,0.8652289207679217,86.52289207679217
400,1.46317e+06,1.274738e+06,0.8712166050424762,87.12166050424763
425,1.46317e+06,1.283896e+06,0.8774756180074769,87.74756180074769
450,1.46317e+06,1.291755e+06,0.8828468325621767,88.28468325621766
475,1.46317e+06,1.299131e+06,0.8878879419342933,88.78879419342934
500,1.46317e+06,1.305022e+06,0.8919141316456735,89.19141316456734
525,1.46317e+06,1.310799e+06,0.8958624083325929,89.5862408332593
550,1.46317e+06,1.314848e+06,0.8986296875961098,89.86296875961098
575,1.46317e+06,1.320244e+06,0.9023175707539111,90.2317570753911
600,1.46317e+06,1.32403e+06,0.9049051033031021,90.49051033031022
625,1.46317e+06,1.327803e+06,0.9074837510337145,90.74837510337144
650,1.46317e+06,1.332964e+06,0.9110110240095136,91.10110240095136
675,1.46317e+06,1.337381e+06,0.9140298119835699,91.402981198357
700,1.46317e+06,1.340312e+06,0.9160329968493066,91.60329968493066
725,1.46317e+06,1.343343e+06,0.9181045264733422,91.81045264733422
750,1.46317e+06,1.347327e+06,0.9208273816439648,92.08273816439649
775,1.46317e+06,1.351039e+06,0.9233643390720149,92.33643390720148
800,1.46317e+06,1.353952e+06,0.9253552218812579,92.53552218812578
825,1.46317e+06,1.356435e+06,0.9270522222298161,92.7052222229816
850,1.46317e+06,1.358918e+06,0.9287492225783743,92.87492225783744
875,1.46317e+06,1.360954e+06,0.9301407218573372,93.01407218573371
900,1.46317e+06,1.363109e+06,0.9316135513986755,93.16135513986755
925,1.46317e+06,1.365159e+06,0.9330146189438001,93.30146189438001
950,1.46317e+06,1.367578e+06,0.9346678786470471,93.46678786470471
975,1.46317e+06,1.369366e+06,0.9358898829254291,93.58898829254291
1000,1.46317e+06,1.371395e+06,0.9372765980713109,93.72765980713109
1025,1.46317e+06,1.373613e+06,0.9387924848103775,93.87924848103775
1050,1.46317e+06,1.375866e+06,0.9403322922148486,94.03322922148486
1075,1.46317e+06,1.377216e+06,0.9412549464518819,94.12549464518818
1100,1.46317e+06,1.378851e+06,0.9423723832500667,94.23723832500666
1125,1.46317e+06,1.382364e+06,0.9447733346091022,94.47733346091022
1150,1.46317e+06,1.384307e+06,0.9461012732628471,94.61012732628471
1175,1.46317e+06,1.385794e+06,0.9471175598187497,94.71175598187497
1200,1.46317e+06,1.38714e+06,0.9480374802654511,94.80374802654511
1225,1.46317e+06,1.388793e+06,0.9491672191201296,94.91672191201296
1250,1.46317e+06,1.389714e+06,0.9497966743440612,94.97966743440612
1275,1.46317e+06,1.39115e+06,0.9507781050732315,95.07781050732314
1300,1.46317e+06,1.392745e+06,0.9518682039680967,95.18682039680967
1325,1.46317e+06,1.393832e+06,0.9526111114908042,95.26111114908042
1350,1.46317e+06,1.39467e+06,0.9531838405653479,95.31838405653478
1375,1.46317e+06,1.395622e+06,0.9538344826643521,95.38344826643521
1400,1.46317e+06,1.396573e+06,0.9544844413157733,95.44844413157733
1425,1.46317e+06,1.397419e+06,0.9550626379709808,95.50626379709809
1450,1.46317e+06,1.398055e+06,0.955497310633761,95.5497310633761
1475,1.46317e+06,1.39866e+06,0.9559107964214685,95.59107964214685
1500,1.46317e+06,1.399846e+06,0.9567213652548918,95.67213652548918
1525,1.46317e+06,1.40119e+06,0.9576399188064272,95.76399188064272
1550,1.46317e+06,1.401914e+06,0.9581347348565101,95.81347348565102
1575,1.46317e+06,1.402454e+06,0.9585037965513235,95.85037965513234
1600,1.46317e+06,1.403086e+06,0.9589357354237716,95.89357354237717
1625,1.46317e+06,1.403791e+06,0.9594175659697779,95.9417565969778
1650,1.46317e+06,1.404358e+06,0.9598050807493319,95.9805080749332
1675,1.46317e+06,1.405237e+06,0.9604058311747781,96.04058311747781
1700,1.46317e+06,1.405929e+06,0.9608787769022055,96.08787769022055
1725,1.46317e+06,1.406439e+06,0.9612273351695292,96.12273351695292
1750,1.46317e+06,1.407152e+06,0.9617146332961993,96.17146332961994
1775,1.46317e+06,1.407712e+06,0.9620973639426724,96.20973639426724
1800,1.46317e+06,1.40828e+06,0.9624855621698094,96.24855621698094
1825,1.46317e+06,1.408937e+06,0.9629345872318322,96.29345872318322
1850,1.46317e+06,1.409506e+06,0.9633234689065522,96.33234689065522
1875,1.46317e+06,1.409915e+06,0.9636029989679942,96.36029989679942
1900,1.46317e+06,1.410477e+06,0.9639870965096332,96.39870965096333
1925,1.46317e+06,1.410849e+06,0.9642413390105046,96.42413390105045
1950,1.46317e+06,1.411236e+06,0.9645058332251208,96.45058332251207
1975,1.46317e+06,1.4116e+06,0.9647546081453283,96.47546081453282
2000,1.46317e+06,1.412555e+06,0.9654073005870815,96.54073005870815
2025,1.46317e+06,1.413334e+06,0.9659397062542289,96.59397062542288
2050,1.46317e+06,1.413786e+06,0.9662486245617392,96.62486245617393
2075,1.46317e+06,1.41426e+06,0.9665725787160754,96.65725787160754
2100,1.46317e+06,1.415604e+06,0.9674911322676107,96.74911322676107
2125,1.46317e+06,1.415978e+06,0.9677467416636482,96.7746741663648
2150,1.46317e+06,1.416334e+06,0.9679900490031917,96.79900490031918
2175,1.46317e+06,1.41674e+06,0.9682675287218847,96.82675287218846
2200,1.46317e+06,1.417131e+06,0.9685347567268329,96.85347567268329
2225,1.46317e+06,1.417668e+06,0.9689017680788972,96.89017680788972
2250,1.46317e+06,1.418188e+06,0.9692571608220507,96.92571608220507
2275,1.46317e+06,1.418654e+06,0.969575647395723,96.9575647395723
2300,1.46317e+06,1.418972e+06,0.9697929837271131,96.9792983727113
2325,1.46317e+06,1.419362e+06,0.9700595282844782,97.00595282844782
2350,1.46317e+06,1.41979e+06,0.970352043849997,97.03520438499969
2375,1.46317e+06,1.42007e+06,0.9705434091732335,97.05434091732334
2400,1.46317e+06,1.420384e+06,0.9707580117142915,97.07580117142916
2425,1.46317e+06,1.420753e+06,0.971010203872414,97.1010203872414
2450,1.46317e+06,1.421075e+06,0.971230273994136,97.1230273994136
2475,1.46317e+06,1.421358e+06,0.9714236896601215,97.14236896601216
2500,1.46317e+06,1.421729e+06,0.9716772487134099,97.167724871341
2525,1.46317e+06,1.422128e+06,0.971949944299022,97.1949944299022
2550,1.46317e+06,1.42255e+06,0.9722383591790428,97.22383591790428
2575,1.46317e+06,1.423047e+06,0.9725780326277876,97.25780326277876
2600,1.46317e+06,1.423449e+06,0.9728527785561486,97.28527785561486
2625,1.46317e+06,1.423782e+06,0.9730803666012835,97.30803666012835
2650,1.46317e+06,1.424249e+06,0.9733995366225388,97.33995366225388
2675,1.46317e+06,1.424599e+06,0.9736387432765844,97.36387432765844
2700,1.46317e+06,1.424887e+06,0.9738355761804849,97.38355761804848
2725,1.46317e+06,1.425098e+06,0.9739797836204952,97.39797836204953
2750,1.46317e+06,1.425616e+06,0.9743338094684828,97.43338094684829
2775,1.46317e+06,1.425928e+06,0.974547045114375,97.4547045114375
2800,1.46317e+06,1.426207e+06,0.9747377269900285,97.47377269900285
2825,1.46317e+06,1.426531e+06,0.9749591640069165,97.49591640069166
2850,1.46317e+06,1.426738e+06,0.9751006376565949,97.5100637656595
2875,1.46317e+06,1.426908e+06,0.9752168237457028,97.52168237457028
2900,1.46317e+06,1.42715e+06,0.9753822180607858,97.53822180607858
2925,1.46317e+06,1.427362e+06,0.9755271089483792,97.55271089483792
2950,1.46317e+06,1.427601e+06,0.9756904529207132,97.56904529207132
2975,1.46317e+06,1.427891e+06,0.9758886527197796,97.58886527197797
3000,1.46317e+06,1.428414e+06,0.9762460958056822,97.62460958056822
3025,1.46317e+06,1.428748e+06,0.9764743672984001,97.64743672984001
3050,1.46317e+06,1.428962e+06,0.9766206250811594,97.66206250811594
3075,1.46317e+06,1.429186e+06,0.9767737173397486,97.67737173397487
3100,1.46317e+06,1.429439e+06,0.9769466295782445,97.69466295782445
3125,1.46317e+06,1.429768e+06,0.9771714838330474,97.71714838330475
3150,1.46317e+06,1.430059e+06,0.9773703670796968,97.73703670796968
3175,1.46317e+06,1.43039e+06,0.9775965882296658,97.75965882296657
3200,1.46317e+06,1.430641e+06,0.9777681335729956,97.77681335729956
3225,1.46317e+06,1.430865e+06,0.9779212258315848,97.79212258315849
3250,1.46317e+06,1.431089e+06,0.9780743180901741,97.8074318090174
3275,1.46317e+06,1.431285e+06,0.9782082738164396,97.82082738164397
3300,1.46317e+06,1.431474e+06,0.9783374454096243,97.83374454096243
3325,1.46317e+06,1.431747e+06,0.9785240265997799,97.852402659978
3350,1.46317e+06,1.432113e+06,0.9787741684151534,97.87741684151534
3375,1.46317e+06,1.432502e+06,0.9790400295249356,97.90400295249356
3400,1.46317e+06,1.432917e+06,0.9793236602718755,97.93236602718754
3425,1.46317e+06,1.433313e+06,0.9795943055147386,97.95943055147386
3450,1.46317e+06,1.43443e+06,0.9803577164649357,98.03577164649357
3475,1.46317e+06,1.434663e+06,0.9805169597517719,98.05169597517718
3500,1.46317e+06,1.43495e+06,0.9807131092080893,98.07131092080893
3525,1.46317e+06,1.43516e+06,0.9808566332005166,98.08566332005167
3550,1.46317e+06,1.435341e+06,0.9809803372130375,98.09803372130375
3575,1.46317e+06,1.435502e+06,0.9810903722738985,98.10903722738985
3600,1.46317e+06,1.435712e+06,0.9812338962663258,98.12338962663259
3625,1.46317e+06,1.435933e+06,0.9813849381821661,98.13849381821662
3650,1.46317e+06,1.436246e+06,0.9815988572756412,98.15988572756413
3675,1.46317e+06,1.436526e+06,0.9817902225988778,98.17902225988777
3700,1.46317e+06,1.436752e+06,0.9819446817526329,98.1944681752633
3725,1.46317e+06,1.436945e+06,0.9820765871361496,98.20765871361496
3750,1.46317e+06,1.437167e+06,0.9822283124995729,98.22283124995728
3775,1.46317e+06,1.437314e+06,0.982328779294272,98.2328779294272
3800,1.46317e+06,1.437447e+06,0.9824196778228094,98.24196778228094
3825,1.46317e+06,1.4376e+06,0.9825242453030065,98.25242453030064
3850,1.46317e+06,1.437788e+06,0.9826527334486082,98.26527334486082
3875,1.46317e+06,1.438013e+06,0.9828065091547804,98.28065091547803
3900,1.46317e+06,1.43818e+06,0.9829206449011393,98.29206449011393
3925,1.46317e+06,1.438518e+06,0.9831516501841892,98.31516501841891
3950,1.46317e+06,1.438658e+06,0.9832473328458073,98.32473328458074
3975,1.46317e+06,1.438962e+06,0.9834551009110356,98.34551009110356
4000,1.46317e+06,1.439442e+06,0.9837831557508697,98.37831557508697
4025,1.46317e+06,1.439685e+06,0.9839492335135357,98.39492335135357
4050,1.46317e+06,1.439858e+06,0.9840674699453925,98.40674699453925
4075,1.46317e+06,1.439991e+06,0.9841583684739299,98.415836847393
4100,1.46317e+06,1.440097e+06,0.9842308139177266,98.42308139177266
4125,1.46317e+06,1.440263e+06,0.9843442662165025,98.43442662165025
4150,1.46317e+06,1.440345e+06,0.9844003089183075,98.44003089183074
4175,1.46317e+06,1.440455e+06,0.9844754881524361,98.44754881524362
4200,1.46317e+06,1.440548e+06,0.984539048777654,98.4539048777654
4225,1.46317e+06,1.440669e+06,0.9846217459351955,98.46217459351955
4250,1.46317e+06,1.440739e+06,0.9846695872660046,98.46695872660047
4275,1.46317e+06,1.440809e+06,0.9847174285968138,98.47174285968137
4300,1.46317e+06,1.440897e+06,0.9847775719841166,98.47775719841167
4325,1.46317e+06,1.441045e+06,0.9848787222263988,98.48787222263988
4350,1.46317e+06,1.441141e+06,0.9849443331943657,98.49443331943657
4375,1.46317e+06,1.441224e+06,0.9850010593437536,98.50010593437537
4400,1.46317e+06,1.441334e+06,0.9850762385778823,98.50762385778823
4425,1.46317e+06,1.4414e+06,0.9851213461183594,98.51213461183595
4450,1.46317e+06,1.441479e+06,0.9851753384774155,98.51753384774155
4475,1.46317e+06,1.441579e+06,0.9852436832357142,98.52436832357142
4500,1.46317e+06,1.441755e+06,0.9853639700103201,98.536397001032
4525,1.46317e+06,1.441889e+06,0.9854555519864404,98.54555519864404
4550,1.46317e+06,1.441993e+06,0.9855266305350711,98.55266305350712
4575,1.46317e+06,1.442067e+06,0.9855772056562122,98.55772056562122
4600,1.46317e+06,1.442257e+06,0.9857070606969799,98.57070606969799
4625,1.46317e+06,1.442341e+06,0.9857644702939508,98.57644702939508
4650,1.46317e+06,1.442415e+06,0.9858150454150919,98.58150454150919
4675,1.46317e+06,1.442515e+06,0.9858833901733907,98.58833901733907
4700,1.46317e+06,1.442611e+06,0.9859490011413574,98.59490011413574
4725,1.46317e+06,1.442672e+06,0.9859906914439197,98.59906914439198
4750,1.46317e+06,1.44272e+06,0.9860234969279031,98.60234969279031
4775,1.46317e+06,1.442788e+06,0.9860699713635462,98.60699713635462
4800,1.46317e+06,1.442855e+06,0.9861157623516065,98.61157623516064
4825,1.46317e+06,1.442919e+06,0.9861595029969177,98.61595029969176
4850,1.46317e+06,1.442961e+06,0.9861882077954032,98.61882077954031
4875,1.46317e+06,1.443007e+06,0.9862196463842205,98.62196463842206
4900,1.46317e+06,1.443071e+06,0.9862633870295318,98.62633870295318
4925,1.46317e+06,1.443129e+06,0.986303026989345,98.6303026989345
4950,1.46317e+06,1.443198e+06,0.9863501848725712,98.63501848725711
4975,1.46317e+06,1.443313e+06,0.9864287813446148,98.64287813446148
5000,1.46317e+06,1.443498e+06,0.9865552191474675,98.65552191474674
5025,1.46317e+06,1.443677e+06,0.9866775562648222,98.66775562648223
5050,1.46317e+06,1.443769e+06,0.9867404334424571,98.67404334424572
5075,1.46317e+06,1.443854e+06,0.986798526487011,98.67985264870111
5100,1.46317e+06,1.443932e+06,0.9868518353984841,98.68518353984841
5125,1.46317e+06,1.444014e+06,0.9869078781002891,98.69078781002891
5150,1.46317e+06,1.444096e+06,0.986963920802094,98.6963920802094
5175,1.46317e+06,1.444146e+06,0.9869980931812434,98.69980931812435
5200,1.46317e+06,1.444234e+06,0.9870582365685464,98.70582365685463
5225,1.46317e+06,1.444316e+06,0.9871142792703513,98.71142792703513
5250,1.46317e+06,1.444399e+06,0.9871710054197393,98.71710054197393
5275,1.46317e+06,1.444465e+06,0.9872161129602165,98.72161129602165
5300,1.46317e+06,1.444517e+06,0.9872516522345318,98.72516522345319
5325,1.46317e+06,1.444579e+06,0.9872940259846771,98.72940259846771
5350,1.46317e+06,1.444629e+06,0.9873281983638265,98.73281983638265
5375,1.46317e+06,1.444721e+06,0.9873910755414613,98.73910755414613
5400,1.46317e+06,1.444775e+06,0.9874279817109427,98.74279817109426
5425,1.46317e+06,1.44483e+06,0.987465571328007,98.7465571328007
5450,1.46317e+06,1.444882e+06,0.9875011106023224,98.75011106023223
5475,1.46317e+06,1.444933e+06,0.9875359664290547,98.75359664290548
5500,1.46317e+06,1.445112e+06,0.9876583035464095,98.76583035464095
5525,1.46317e+06,1.445181e+06,0.9877054614296357,98.77054614296357
5550,1.46317e+06,1.445221e+06,0.9877327993329552,98.77327993329551
5575,1.46317e+06,1.44526e+06,0.9877594537886917,98.77594537886917
5600,1.46317e+06,1.445288e+06,0.9877785903210153,98.77785903210153
5625,1.46317e+06,1.445331e+06,0.9878079785670838,98.78079785670838
5650,1.46317e+06,1.445378e+06,0.9878401006034843,98.78401006034842
5675,1.46317e+06,1.445422e+06,0.9878701722971357,98.78701722971357
5700,1.46317e+06,1.445475e+06,0.987906395019034,98.7906395019034
5725,1.46317e+06,1.445512e+06,0.9879316825796045,98.79316825796046
5750,1.46317e+06,1.44556e+06,0.9879644880635879,98.7964488063588
5775,1.46317e+06,1.445616e+06,0.9880027611282353,98.80027611282352
5800,1.46317e+06,1.445661e+06,0.9880335162694697,98.80335162694698
5825,1.46317e+06,1.445711e+06,0.988067688648619,98.80676886486191
5850,1.46317e+06,1.445752e+06,0.9880957099995216,98.80957099995216
5875,1.46317e+06,1.445859e+06,0.9881688388909012,98.81688388909012
5900,1.46317e+06,1.4459e+06,0.9881968602418038,98.81968602418037
5925,1.46317e+06,1.44595e+06,0.9882310326209531,98.82310326209532
5950,1.46317e+06,1.44602e+06,0.9882788739517623,98.82788739517623
5975,1.46317e+06,1.446124e+06,0.988349952500393,98.8349952500393
6000,1.46317e+06,1.446247e+06,0.9884340165531005,98.84340165531005
6025,1.46317e+06,1.44635e+06,0.9885044116541482,98.85044116541482
6050,1.46317e+06,1.446394e+06,0.9885344833477996,98.85344833477997
6075,1.46317e+06,1.44643e+06,0.9885590874607872,98.85590874607873
6100,1.46317e+06,1.44647e+06,0.9885864253641067,98.85864253641067
6125,1.46317e+06,1.446525e+06,0.988624014981171,98.86240149811711
6150,1.46317e+06,1.446574e+06,0.9886575039127374,98.86575039127374
6175,1.46317e+06,1.446626e+06,0.9886930431870528,98.86930431870528
6200,1.46317e+06,1.446675e+06,0.9887265321186192,98.87265321186192
6225,1.46317e+06,1.446727e+06,0.9887620713929345,98.87620713929346
6250,1.46317e+06,1.446775e+06,0.9887948768769179,98.87948768769179
6275,1.46317e+06,1.446834e+06,0.9888352002843142,98.88352002843142
6300,1.46317e+06,1.446876e+06,0.9888639050827996,98.88639050827997
6325,1.46317e+06,1.446934e+06,0.9889035450426129,98.8903545042613
6350,1.46317e+06,1.446984e+06,0.9889377174217623,98.89377174217623
6375,1.46317e+06,1.447021e+06,0.9889630049823329,98.89630049823329
6400,1.46317e+06,1.447066e+06,0.9889937601235673,98.89937601235673
6425,1.46317e+06,1.447104e+06,0.9890197311317208,98.90197311317209
6450,1.46317e+06,1.447134e+06,0.9890402345592105,98.90402345592105
6475,1.46317e+06,1.447163e+06,0.9890600545391172,98.90600545391172
6500,1.46317e+06,1.4472e+06,0.9890853420996877,98.90853420996876
6525,1.46317e+06,1.447238e+06,0.9891113131078412,98.91113131078411
6550,1.46317e+06,1.447281e+06,0.9891407013539096,98.91407013539097
6575,1.46317e+06,1.447315e+06,0.9891639385717312,98.91639385717312
6600,1.46317e+06,1.44735e+06,0.9891878592371358,98.91878592371359
6625,1.46317e+06,1.447389e+06,0.9892145136928723,98.92145136928723
6650,1.46317e+06,1.447432e+06,0.9892439019389407,98.92439019389408
6675,1.46317e+06,1.447465e+06,0.9892664557091794,98.92664557091794
6700,1.46317e+06,1.447506e+06,0.9892944770600819,98.92944770600819
6725,1.46317e+06,1.447538e+06,0.9893163473827374,98.93163473827374
6750,1.46317e+06,1.447585e+06,0.9893484694191379,98.93484694191379
6775,1.46317e+06,1.447615e+06,0.9893689728466275,98.93689728466275
6800,1.46317e+06,1.447647e+06,0.9893908431692832,98.93908431692832
6825,1.46317e+06,1.447679e+06,0.9894127134919387,98.94127134919387
6850,1.46317e+06,1.447711e+06,0.9894345838145944,98.94345838145944
6875,1.46317e+06,1.447746e+06,0.989458504479999,98.94585044799989
6900,1.46317e+06,1.447786e+06,0.9894858423833184,98.94858423833185
6925,1.46317e+06,1.447814e+06,0.989504978915642,98.95049789156421
6950,1.46317e+06,1.44785e+06,0.9895295830286296,98.95295830286297
6975,1.46317e+06,1.447966e+06,0.9896088629482562,98.96088629482561
7000,1.46317e+06,1.448004e+06,0.9896348339564097,98.96348339564098
7025,1.46317e+06,1.448067e+06,0.989677891154138,98.9677891154138
7050,1.46317e+06,1.448099e+06,0.9896997614767935,98.96997614767935
7075,1.46317e+06,1.448118e+06,0.9897127469808703,98.97127469808703
7100,1.46317e+06,1.448155e+06,0.9897380345414408,98.97380345414409
7125,1.46317e+06,1.448178e+06,0.9897537538358495,98.97537538358496
7150,1.46317e+06,1.44821e+06,0.9897756241585052,98.97756241585051
7175,1.46317e+06,1.448244e+06,0.9897988613763268,98.97988613763268
7200,1.46317e+06,1.448264e+06,0.9898125303279866,98.98125303279865
7225,1.46317e+06,1.448287e+06,0.9898282496223952,98.98282496223952
7250,1.46317e+06,1.448311e+06,0.9898446523643869,98.9844652364387
7275,1.46317e+06,1.448331e+06,0.9898583213160467,98.98583213160467
7300,1.46317e+06,1.448348e+06,0.9898699399249574,98.98699399249574
7325,1.46317e+06,1.448365e+06,0.9898815585338683,98.98815585338683
7350,1.46317e+06,1.448391e+06,0.9898993281710259,98.9899328171026
7375,1.46317e+06,1.448414e+06,0.9899150474654347,98.99150474654347
7400,1.46317e+06,1.448435e+06,0.9899293998646774,98.99293998646773
7425,1.46317e+06,1.448471e+06,0.989954003977665,98.99540039776649
7450,1.46317e+06,1.448507e+06,0.9899786080906525,98.99786080906524
7475,1.46317e+06,1.448566e+06,0.9900189314980488,99.00189314980487
7500,1.46317e+06,1.448681e+06,0.9900975279700923,99.00975279700923
7525,1.46317e+06,1.448784e+06,0.9901679230711401,99.016792307114
7550,1.46317e+06,1.448818e+06,0.9901911602889616,99.01911602889616
7575,1.46317e+06,1.448841e+06,0.9902068795833704,99.02068795833704
7600,1.46317e+06,1.448868e+06,0.990225332668111,99.0225332668111
7625,1.46317e+06,1.448899e+06,0.9902465195431837,99.02465195431836
7650,1.46317e+06,1.448921e+06,0.9902615553900094,99.02615553900094
7675,1.46317e+06,1.448952e+06,0.990282742265082,99.0282742265082
7700,1.46317e+06,1.448971e+06,0.9902957277691588,99.02957277691587
7725,1.46317e+06,1.448989e+06,0.9903080298256525,99.03080298256525
7750,1.46317e+06,1.449009e+06,0.9903216987773122,99.03216987773122
7775,1.46317e+06,1.449027e+06,0.9903340008338061,99.0334000833806
7800,1.46317e+06,1.449043e+06,0.9903449359951338,99.03449359951338
7825,1.46317e+06,1.449065e+06,0.9903599718419596,99.03599718419596
7850,1.46317e+06,1.44908e+06,0.9903702235557044,99.03702235557044
7875,1.46317e+06,1.449106e+06,0.9903879931928621,99.03879931928621
7900,1.46317e+06,1.449133e+06,0.9904064462776028,99.04064462776027
7925,1.46317e+06,1.449152e+06,0.9904194317816795,99.04194317816795
7950,1.46317e+06,1.449181e+06,0.9904392517615861,99.04392517615861
7975,1.46317e+06,1.449222e+06,0.9904672731124886,99.04672731124886
8000,1.46317e+06,1.449282e+06,0.9905082799674679,99.05082799674679
8025,1.46317e+06,1.449344e+06,0.9905506537176131,99.05506537176132
8050,1.46317e+06,1.449378e+06,0.9905738909354347,99.05738909354348
8075,1.46317e+06,1.449404e+06,0.9905916605725924,99.05916605725923
8100,1.46317e+06,1.449428e+06,0.9906080633145841,99.06080633145841
8125,1.46317e+06,1.449444e+06,0.9906189984759118,99.06189984759119
8150,1.46317e+06,1.449471e+06,0.9906374515606525,99.06374515606525
8175,1.46317e+06,1.449496e+06,0.9906545377502273,99.06545377502272
8200,1.46317e+06,1.449529e+06,0.9906770915204658,99.06770915204659
8225,1.46317e+06,1.449562e+06,0.9906996452907044,99.06996452907045
8250,1.46317e+06,1.44959e+06,0.9907187818230281,99.07187818230281
8275,1.46317e+06,1.449618e+06,0.9907379183553517,99.07379183553518
8300,1.46317e+06,1.449641e+06,0.9907536376497604,99.07536376497605
8325,1.46317e+06,1.449665e+06,0.9907700403917522,99.07700403917522
8350,1.46317e+06,1.449693e+06,0.9907891769240758,99.07891769240759
8375,1.46317e+06,1.449715e+06,0.9908042127709016,99.08042127709015
8400,1.46317e+06,1.449731e+06,0.9908151479322294,99.08151479322294
8425,1.46317e+06,1.449759e+06,0.990834284464553,99.0834284464553
8450,1.46317e+06,1.44978e+06,0.9908486368637958,99.08486368637958
8475,1.46317e+06,1.449802e+06,0.9908636727106215,99.08636727106214
8500,1.46317e+06,1.449841e+06,0.9908903271663579,99.0890327166358
8525,1.46317e+06,1.449881e+06,0.9909176650696775,99.09176650696774
8550,1.46317e+06,1.449949e+06,0.9909641395053206,99.09641395053207
8575,1.46317e+06,1.450016e+06,0.9910099304933808,99.10099304933809
8600,1.46317e+06,1.450284e+06,0.9911930944456215,99.11930944456215
8625,1.46317e+06,1.450354e+06,0.9912409357764306,99.12409357764307
8650,1.46317e+06,1.45044e+06,0.9912997122685676,99.12997122685675
8675,1.46317e+06,1.450492e+06,0.9913352515428829,99.1335251542883
8700,1.46317e+06,1.450541e+06,0.9913687404744493,99.13687404744493
8725,1.46317e+06,1.450601e+06,0.9914097473294285,99.14097473294285
8750,1.46317e+06,1.450653e+06,0.991445286603744,99.14452866037439
8775,1.46317e+06,1.450723e+06,0.991493127934553,99.14931279345531
8800,1.46317e+06,1.450767e+06,0.9915231996282046,99.15231996282046
8825,1.46317e+06,1.450811e+06,0.991553271321856,99.15532713218559
8850,1.46317e+06,1.450867e+06,0.9915915443865033,99.15915443865033
8875,1.46317e+06,1.450912e+06,0.9916222995277377,99.16222995277377
8900,1.46317e+06,1.450973e+06,0.9916639898303,99.16639898302999
8925,1.46317e+06,1.451008e+06,0.9916879104957045,99.16879104957046
8950,1.46317e+06,1.451048e+06,0.991715248399024,99.1715248399024
8975,1.46317e+06,1.451086e+06,0.9917412194071775,99.17412194071775
9000,1.46317e+06,1.45115e+06,0.9917849600524887,99.17849600524887
9025,1.46317e+06,1.451218e+06,0.9918314344881319,99.1831434488132
9050,1.46317e+06,1.451248e+06,0.9918519379156215,99.18519379156216
9075,1.46317e+06,1.451276e+06,0.9918710744479452,99.18710744479452
9100,1.46317e+06,1.451333e+06,0.9919100309601755,99.19100309601755
9125,1.46317e+06,1.451357e+06,0.9919264337021673,99.19264337021671
9150,1.46317e+06,1.451384e+06,0.9919448867869078,99.19448867869079
9175,1.46317e+06,1.451415e+06,0.9919660736619805,99.19660736619805
9200,1.46317e+06,1.451435e+06,0.9919797426136402,99.19797426136402
9225,1.46317e+06,1.451458e+06,0.991995461908049,99.1995461908049
9250,1.46317e+06,1.451493e+06,0.9920193825734536,99.20193825734535
9275,1.46317e+06,1.451526e+06,0.9920419363436921,99.20419363436922
9300,1.46317e+06,1.451556e+06,0.9920624397711818,99.20624397711818
9325,1.46317e+06,1.451571e+06,0.9920726914849266,99.20726914849266
9350,1.46317e+06,1.451604e+06,0.9920952452551651,99.20952452551651
9375,1.46317e+06,1.451626e+06,0.9921102811019908,99.2110281101991
9400,1.46317e+06,1.451644e+06,0.9921225831584847,99.21225831584847
9425,1.46317e+06,1.451661e+06,0.9921342017673954,99.21342017673955
9450,1.46317e+06,1.451674e+06,0.9921430865859743,99.21430865859743
9475,1.46317e+06,1.451715e+06,0.9921711079368768,99.21711079368768
9500,1.46317e+06,1.451756e+06,0.9921991292877793,99.21991292877793
9525,1.46317e+06,1.451822e+06,0.9922442368282565,99.22442368282564
9550,1.46317e+06,1.451852e+06,0.9922647402557461,99.2264740255746
9575,1.46317e+06,1.4519e+06,0.9922975457397295,99.22975457397295
9600,1.46317e+06,1.451923e+06,0.9923132650341382,99.23132650341383
9625,1.46317e+06,1.45194e+06,0.992324883643049,99.2324883643049
9650,1.46317e+06,1.451953e+06,0.9923337684616278,99.23337684616278
9675,1.46317e+06,1.451969e+06,0.9923447036229557,99.23447036229557
9700,1.46317e+06,1.451979e+06,0.9923515380987855,99.23515380987855
9725,1.46317e+06,1.451994e+06,0.9923617898125303,99.23617898125303
9750,1.46317e+06,1.452008e+06,0.9923713580786921,99.23713580786922
9775,1.46317e+06,1.452034e+06,0.9923891277158499,99.23891277158498
9800,1.46317e+06,1.452064e+06,0.9924096311433395,99.24096311433395
9825,1.46317e+06,1.452083e+06,0.9924226166474163,99.24226166474162
9850,1.46317e+06,1.452114e+06,0.9924438035224888,99.24438035224888
9875,1.46317e+06,1.452144e+06,0.9924643069499784,99.24643069499784
9900,1.46317e+06,1.452176e+06,0.9924861772726341,99.24861772726341
9925,1.46317e+06,1.452277e+06,0.9925552054785158,99.25552054785159
9950,1.46317e+06,1.452336e+06,0.9925955288859121,99.25955288859122
9975,1.46317e+06,1.452418e+06,0.9926515715877171,99.26515715877171
10000,1.46317e+06,1.452545e+06,0.9927383694307566,99.27383694307565
