fixture,experiment,evidence_count,members,certificate,baseline_correct_certificate,false_elevation
symmetric_pinned_counterfactual,activation_evidence_subset,0,,4,4,0
symmetric_pinned_counterfactual,activation_evidence_subset,1,2,4,4,0
symmetric_pinned_counterfactual,activation_evidence_subset,1,3,4,4,0
symmetric_pinned_counterfactual,activation_evidence_subset,1,4,4,4,0
symmetric_pinned_counterfactual,activation_evidence_subset,1,5,4,4,0
symmetric_pinned_counterfactual,activation_evidence_subset,1,6,4,4,0
symmetric_pinned_counterfactual,activation_evidence_subset,2,2;3,4,4,0
symmetric_pinned_counterfactual,activation_evidence_subset,2,2;4,4,4,0
symmetric_pinned_counterfactual,activation_evidence_subset,2,2;5,4,4,0
symmetric_pinned_counterfactual,activation_evidence_subset,2,2;6,4,4,0
symmetric_pinned_counterfactual,activation_evidence_subset,2,3;4,4,4,0
symmetric_pinned_counterfactual,activation_evidence_subset,2,3;5,4,4,0
symmetric_pinned_counterfactual,activation_evidence_subset,2,3;6,4,4,0
symmetric_pinned_counterfactual,activation_evidence_subset,2,4;5,4,4,0
symmetric_pinned_counterfactual,activation_evidence_subset,2,4;6,4,4,0
symmetric_pinned_counterfactual,activation_evidence_subset,2,5;6,4,4,0
symmetric_pinned_counterfactual,activation_evidence_subset,3,2;3;4,4,4,0
symmetric_pinned_counterfactual,activation_evidence_subset,3,2;3;5,4,4,0
symmetric_pinned_counterfactual,activation_evidence_subset,3,2;3;6,4,4,0
symmetric_pinned_counterfactual,activation_evidence_subset,3,2;4;5,4,4,0
symmetric_pinned_counterfactual,activation_evidence_subset,3,2;4;6,4,4,0
symmetric_pinned_counterfactual,activation_evidence_subset,3,2;5;6,4,4,0
symmetric_pinned_counterfactual,activation_evidence_subset,3,3;4;5,4,4,0
symmetric_pinned_counterfactual,activation_evidence_subset,3,3;4;6,4,4,0
symmetric_pinned_counterfactual,activation_evidence_subset,3,3;5;6,4,4,0
symmetric_pinned_counterfactual,activation_evidence_subset,3,4;5;6,4,4,0
symmetric_pinned_counterfactual,activation_evidence_subset,4,2;3;4;5,7,4,3
symmetric_pinned_counterfactual,activation_evidence_subset,4,2;3;4;6,7,4,3
symmetric_pinned_counterfactual,activation_evidence_subset,4,2;3;5;6,7,4,3
symmetric_pinned_counterfactual,activation_evidence_subset,4,2;4;5;6,7,4,3
symmetric_pinned_counterfactual,activation_evidence_subset,4,3;4;5;6,7,4,3
symmetric_pinned_counterfactual,activation_evidence_subset,5,2;3;4;5;6,10,4,6
heterogeneous_identity_fixture,activation_evidence_subset,0,,7,7,0
heterogeneous_identity_fixture,activation_evidence_subset,1,0,10,7,3
heterogeneous_identity_fixture,activation_evidence_subset,1,1,7,7,0
heterogeneous_identity_fixture,activation_evidence_subset,1,2,7,7,0
heterogeneous_identity_fixture,activation_evidence_subset,1,3,7,7,0
heterogeneous_identity_fixture,activation_evidence_subset,1,4,7,7,0
heterogeneous_identity_fixture,activation_evidence_subset,1,5,7,7,0
heterogeneous_identity_fixture,activation_evidence_subset,2,0;1,10,7,3
heterogeneous_identity_fixture,activation_evidence_subset,2,0;2,13,7,6
heterogeneous_identity_fixture,activation_evidence_subset,2,0;3,10,7,3
heterogeneous_identity_fixture,activation_evidence_subset,2,0;4,10,7,3
heterogeneous_identity_fixture,activation_evidence_subset,2,0;5,10,7,3
heterogeneous_identity_fixture,activation_evidence_subset,2,1;2,7,7,0
heterogeneous_identity_fixture,activation_evidence_subset,2,1;3,7,7,0
heterogeneous_identity_fixture,activation_evidence_subset,2,1;4,7,7,0
heterogeneous_identity_fixture,activation_evidence_subset,2,1;5,7,7,0
heterogeneous_identity_fixture,activation_evidence_subset,2,2;3,7,7,0
heterogeneous_identity_fixture,activation_evidence_subset,2,2;4,7,7,0
heterogeneous_identity_fixture,activation_evidence_subset,2,2;5,7,7,0
heterogeneous_identity_fixture,activation_evidence_subset,2,3;4,7,7,0
heterogeneous_identity_fixture,activation_evidence_subset,2,3;5,7,7,0
heterogeneous_identity_fixture,activation_evidence_subset,2,4;5,7,7,0
heterogeneous_identity_fixture,activation_evidence_subset,3,0;1;2,13,7,6
heterogeneous_identity_fixture,activation_evidence_subset,3,0;1;3,10,7,3
heterogeneous_identity_fixture,activation_evidence_subset,3,0;1;4,10,7,3
heterogeneous_identity_fixture,activation_evidence_subset,3,0;1;5,10,7,3
heterogeneous_identity_fixture,activation_evidence_subset,3,0;2;3,13,7,6
heterogeneous_identity_fixture,activation_evidence_subset,3,0;2;4,13,7,6
heterogeneous_identity_fixture,activation_evidence_subset,3,0;2;5,13,7,6
heterogeneous_identity_fixture,activation_evidence_subset,3,0;3;4,10,7,3
heterogeneous_identity_fixture,activation_evidence_subset,3,0;3;5,10,7,3
heterogeneous_identity_fixture,activation_evidence_subset,3,0;4;5,10,7,3
heterogeneous_identity_fixture,activation_evidence_subset,3,1;2;3,7,7,0
heterogeneous_identity_fixture,activation_evidence_subset,3,1;2;4,7,7,0
heterogeneous_identity_fixture,activation_evidence_subset,3,1;2;5,7,7,0
heterogeneous_identity_fixture,activation_evidence_subset,3,1;3;4,7,7,0
heterogeneous_identity_fixture,activation_evidence_subset,3,1;3;5,7,7,0
heterogeneous_identity_fixture,activation_evidence_subset,3,1;4;5,7,7,0
heterogeneous_identity_fixture,activation_evidence_subset,3,2;3;4,7,7,0
heterogeneous_identity_fixture,activation_evidence_subset,3,2;3;5,7,7,0
heterogeneous_identity_fixture,activation_evidence_subset,3,2;4;5,7,7,0
heterogeneous_identity_fixture,activation_evidence_subset,3,3;4;5,7,7,0
heterogeneous_identity_fixture,activation_evidence_subset,4,0;1;2;3,13,7,6
heterogeneous_identity_fixture,activation_evidence_subset,4,0;1;2;4,13,7,6
heterogeneous_identity_fixture,activation_evidence_subset,4,0;1;2;5,13,7,6
heterogeneous_identity_fixture,activation_evidence_subset,4,0;1;3;4,10,7,3
heterogeneous_identity_fixture,activation_evidence_subset,4,0;1;3;5,10,7,3
heterogeneous_identity_fixture,activation_evidence_subset,4,0;1;4;5,10,7,3
heterogeneous_identity_fixture,activation_evidence_subset,4,0;2;3;4,13,7,6
heterogeneous_identity_fixture,activation_evidence_subset,4,0;2;3;5,13,7,6
heterogeneous_identity_fixture,activation_evidence_subset,4,0;2;4;5,13,7,6
heterogeneous_identity_fixture,activation_evidence_subset,4,0;3;4;5,10,7,3
heterogeneous_identity_fixture,activation_evidence_subset,4,1;2;3;4,7,7,0
heterogeneous_identity_fixture,activation_evidence_subset,4,1;2;3;5,7,7,0
heterogeneous_identity_fixture,activation_evidence_subset,4,1;2;4;5,7,7,0
heterogeneous_identity_fixture,activation_evidence_subset,4,1;3;4;5,7,7,0
heterogeneous_identity_fixture,activation_evidence_subset,4,2;3;4;5,7,7,0
heterogeneous_identity_fixture,activation_evidence_subset,5,0;1;2;3;4,13,7,6
heterogeneous_identity_fixture,activation_evidence_subset,5,0;1;2;3;5,13,7,6
heterogeneous_identity_fixture,activation_evidence_subset,5,0;1;2;4;5,13,7,6
heterogeneous_identity_fixture,activation_evidence_subset,5,0;1;3;4;5,10,7,3
heterogeneous_identity_fixture,activation_evidence_subset,5,0;2;3;4;5,13,7,6
heterogeneous_identity_fixture,activation_evidence_subset,5,1;2;3;4;5,7,7,0
heterogeneous_identity_fixture,activation_evidence_subset,6,0;1;2;3;4;5,13,7,6
symmetric_pinned_counterfactual,false_resistance_promotion,0,,0,0,0
symmetric_pinned_counterfactual,false_resistance_promotion,1,0,4,0,4
symmetric_pinned_counterfactual,false_resistance_promotion,2,0;1,8,0,8
symmetric_pinned_counterfactual,false_resistance_promotion,3,0;1;2,8,0,8
symmetric_pinned_counterfactual,false_resistance_promotion,4,0;1;2;3,8,0,8
symmetric_pinned_counterfactual,false_resistance_promotion,5,0;1;2;3;4,8,0,8
symmetric_pinned_counterfactual,false_resistance_promotion,6,0;1;2;3;4;5,9,0,9
symmetric_pinned_counterfactual,false_resistance_promotion,7,0;1;2;3;4;5;6,10,0,10
