n,q,trial,action_budget,baseline,exact_value,greedy_value,greedy_gain_ratio
5,3,0,1,13.19939014994636,15.994845396900576,15.994845396900576,1.0
5,3,0,2,13.19939014994636,18.095018476871417,18.095018476871417,1.0
5,3,0,3,13.19939014994636,18.998182187212443,18.998182187212443,1.0
5,3,1,1,14.810254653490889,19.386953624558117,19.386953624558117,1.0
5,3,1,2,14.810254653490889,23.72707952264797,23.72707952264797,1.0
5,3,1,3,14.810254653490889,25.49911489872842,25.49911489872842,1.0
5,3,2,1,16.73193731947345,18.83278236213043,18.83278236213043,1.0
5,3,2,2,16.73193731947345,20.499517954926922,20.499517954926922,1.0
5,3,2,3,16.73193731947345,26.937227381167688,26.654012460711606,0.9722482243283672
5,3,3,1,7.881489321088784,14.926502657598807,14.926502657598807,1.0
5,3,3,2,7.881489321088784,20.020718783969073,20.020718783969073,1.0
5,3,3,3,7.881489321088784,22.7945351945246,22.7945351945246,1.0
5,3,4,1,13.980041505964998,15.71923489453749,15.71923489453749,1.0
5,3,4,2,13.980041505964998,18.009722698926442,18.009722698926442,1.0
5,3,4,3,13.980041505964998,23.491116241683365,21.54227562627357,0.7950977497746896
5,3,5,1,14.303909415097014,19.71713291394677,19.71713291394677,1.0
5,3,5,2,14.303909415097014,23.71515438646916,23.71515438646916,1.0
5,3,5,3,14.303909415097014,25.525666022500374,25.525666022500374,1.0
5,3,6,1,4.129220059721514,5.626779620267354,5.626779620267354,1.0
5,3,6,2,4.129220059721514,8.44175225279894,8.44175225279894,1.0
5,3,6,3,4.129220059721514,16.080577121364694,15.938459534688121,0.9881086653219753
5,3,7,1,11.769851579598322,14.956193190813849,14.956193190813849,1.0
5,3,7,2,11.769851579598322,18.854859221525146,18.854859221525146,1.0
5,3,7,3,11.769851579598322,20.781981324166363,20.781981324166363,1.0
5,3,8,1,15.242080225856146,18.818173197193452,18.818173197193452,1.0
5,3,8,2,15.242080225856146,23.727534978727228,23.727534978727228,1.0
5,3,8,3,15.242080225856146,26.710033611194582,26.710033611194582,1.0
5,3,9,1,14.3389106665293,17.11636948636405,17.11636948636405,1.0
5,3,9,2,14.3389106665293,19.467106415688292,19.467106415688292,1.0
5,3,9,3,14.3389106665293,25.892981280400107,21.446129998063498,0.6151268733810482
5,3,10,1,9.658494497118582,14.036514401156655,14.036514401156655,1.0
5,3,10,2,9.658494497118582,19.80076467403699,19.80076467403699,1.0
5,3,10,3,9.658494497118582,23.511433237477057,23.511433237477057,1.0
5,3,11,1,19.68548410258311,23.467031558873998,23.467031558873998,1.0
5,3,11,2,19.68548410258311,26.55083683336783,26.55083683336783,1.0
5,3,11,3,19.68548410258311,30.77914793193797,28.676498673046865,0.8104639466965547
5,3,12,1,13.603916907217716,16.690578732658526,16.690578732658526,1.0
5,3,12,2,13.603916907217716,18.498267625648246,18.498267625648246,1.0
5,3,12,3,13.603916907217716,21.55747404555006,21.55747404555006,1.0
5,3,13,1,7.548731262468729,12.35127666061539,12.35127666061539,1.0
5,3,13,2,7.548731262468729,17.04526458727573,17.04526458727573,1.0
5,3,13,3,7.548731262468729,19.99104640789262,19.99104640789262,1.0
5,3,14,1,10.107094742510512,14.321758102543086,14.321758102543086,1.0
5,3,14,2,10.107094742510512,19.79051624981524,19.79051624981524,1.0
5,3,14,3,10.107094742510512,23.92009689422861,23.92009689422861,1.0
5,3,15,1,11.338901520623331,12.62973942144506,12.62973942144506,1.0
5,3,15,2,11.338901520623331,16.25698551833979,16.25698551833979,1.0
5,3,15,3,11.338901520623331,17.952231334516778,17.952231334516778,1.0
5,3,16,1,12.428295513286137,17.197228402950778,17.197228402950778,1.0
5,3,16,2,12.428295513286137,19.248984375776214,19.248984375776214,1.0
5,3,16,3,12.428295513286137,20.837067750903064,20.837067750903064,1.0
5,3,17,1,8.450804318418182,10.522916712460633,10.522916712460633,1.0
5,3,17,2,8.450804318418182,15.13384885034747,15.13384885034747,1.0
5,3,17,3,8.450804318418182,18.38524811370985,18.38524811370985,1.0
5,3,18,1,21.18604850246808,24.731444108818685,24.731444108818685,1.0
5,3,18,2,21.18604850246808,26.728197951482024,26.728197951482024,1.0
5,3,18,3,21.18604850246808,31.97547833645366,31.135925992371913,0.9221875152811835
5,3,19,1,22.865239797366883,24.681098973600918,24.681098973600918,1.0
5,3,19,2,22.865239797366883,26.808419903948334,26.808419903948334,1.0
5,3,19,3,22.865239797366883,30.625006892332653,30.625006892332653,1.0
5,3,20,1,13.269177940732671,16.788402654564955,16.788402654564955,1.0
5,3,20,2,13.269177940732671,18.83517365591316,18.83517365591316,1.0
5,3,20,3,13.269177940732671,19.575884443144954,19.575884443144954,1.0
5,3,21,1,12.142289855144707,18.74709080910109,18.74709080910109,1.0
5,3,21,2,12.142289855144707,23.37411313354241,23.37411313354241,1.0
5,3,21,3,12.142289855144707,26.138326223311665,26.138326223311665,1.0
5,3,22,1,8.762694320857953,12.685440194853971,12.685440194853971,1.0
5,3,22,2,8.762694320857953,14.825673573057923,14.825673573057923,1.0
5,3,22,3,8.762694320857953,18.899466246274645,18.899466246274645,1.0
5,3,23,1,8.686139954757364,13.839457220325603,13.839457220325603,1.0
5,3,23,2,8.686139954757364,19.276876870362617,19.276876870362617,1.0
5,3,23,3,8.686139954757364,22.7111660553659,22.7111660553659,1.0
5,3,24,1,8.66379641089565,13.013177630720183,13.013177630720183,1.0
5,3,24,2,8.66379641089565,16.060934477198497,16.060934477198497,1.0
5,3,24,3,8.66379641089565,19.652643930469246,19.652643930469246,1.0
5,3,25,1,6.768506783250654,9.110962068628794,9.110962068628794,1.0
5,3,25,2,6.768506783250654,12.260315154608563,12.260315154608563,1.0
5,3,25,3,6.768506783250654,16.82797053299965,16.82797053299965,1.0
5,3,26,1,10.743003003109308,13.5167960524874,13.5167960524874,1.0
5,3,26,2,10.743003003109308,16.116071461729728,16.116071461729728,1.0
5,3,26,3,10.743003003109308,18.346473629700313,18.346473629700313,1.0
5,3,27,1,13.68590855373752,17.512972214105787,17.512972214105787,1.0
5,3,27,2,13.68590855373752,21.20041577162089,21.20041577162089,1.0
5,3,27,3,13.68590855373752,23.732350842170632,23.732350842170632,1.0
5,3,28,1,9.612088213917323,12.202047236759046,12.202047236759046,1.0
5,3,28,2,9.612088213917323,16.289176476043032,16.289176476043032,1.0
5,3,28,3,9.612088213917323,20.92403147829923,20.92403147829923,1.0
5,3,29,1,6.888565747321689,8.223940741955083,8.223940741955083,1.0
5,3,29,2,6.888565747321689,13.899356737360362,10.205941384406888,0.4731813631013552
5,3,29,3,6.888565747321689,16.167937967366495,16.167937967366495,1.0
5,3,30,1,18.165254739878954,21.419594310455402,21.419594310455402,1.0
5,3,30,2,18.165254739878954,24.41166874622265,24.41166874622265,1.0
5,3,30,3,18.165254739878954,26.85375248665074,26.85375248665074,1.0
5,3,31,1,12.88909037109623,15.643851863824128,15.643851863824128,1.0
5,3,31,2,12.88909037109623,18.16495206401933,18.16495206401933,1.0
5,3,31,3,12.88909037109623,20.39457736953576,20.39457736953576,1.0
5,3,32,1,7.384973464161258,12.372180818063317,12.372180818063317,1.0
5,3,32,2,7.384973464161258,18.659828568194705,18.659828568194705,1.0
5,3,32,3,7.384973464161258,21.586125887037046,21.586125887037046,1.0
5,3,33,1,12.24322830990092,18.1503668618331,18.1503668618331,1.0
5,3,33,2,12.24322830990092,20.674818130009495,20.674818130009495,1.0
5,3,33,3,12.24322830990092,22.1761802270474,22.1761802270474,1.0
5,3,34,1,12.840646731724298,17.615120641284303,17.615120641284303,1.0
5,3,34,2,12.840646731724298,21.761356981441917,21.761356981441917,1.0
5,3,34,3,12.840646731724298,23.824154093368218,23.824154093368218,1.0
5,3,35,1,12.397801836809979,16.106409923149492,16.106409923149492,1.0
5,3,35,2,12.397801836809979,16.898203062183704,16.898203062183704,1.0
5,3,35,3,12.397801836809979,21.146218978821402,17.09120461771302,0.5364859385093225
5,3,36,1,17.821352445011463,21.286227223131267,21.286227223131267,1.0
5,3,36,2,17.821352445011463,22.891105947422503,22.891105947422503,1.0
5,3,36,3,17.821352445011463,28.289684095754588,24.741548734931264,0.661060092553387
5,3,37,1,12.89452207851322,17.866992655379526,17.866992655379526,1.0
5,3,37,2,12.89452207851322,22.24097439811701,22.24097439811701,1.0
5,3,37,3,12.89452207851322,27.84993334916191,27.84993334916191,1.0
5,3,38,1,14.449002063475293,21.508911044038868,21.508911044038868,1.0
5,3,38,2,14.449002063475293,23.479992876018358,23.479992876018358,1.0
5,3,38,3,14.449002063475293,28.827807678150734,28.827807678150734,1.0
5,3,39,1,17.352854772888065,18.431669188992593,18.431669188992593,1.0
5,3,39,2,17.352854772888065,19.83188270304263,19.83188270304263,1.0
5,3,39,3,17.352854772888065,26.00754565885771,26.00754565885771,1.0
5,3,40,1,6.735075631651794,11.521208380480942,11.521208380480942,1.0
5,3,40,2,6.735075631651794,16.925001415280448,16.925001415280448,1.0
5,3,40,3,6.735075631651794,22.327886120893403,22.327886120893403,1.0
5,3,41,1,10.192361721984842,15.332079147393038,15.332079147393038,1.0
5,3,41,2,10.192361721984842,20.669267518846894,20.669267518846894,1.0
5,3,41,3,10.192361721984842,21.318411128609327,21.318411128609327,1.0
5,3,42,1,13.595650280639259,21.33625603984349,21.33625603984349,1.0
5,3,42,2,13.595650280639259,26.402222003416007,26.402222003416007,1.0
5,3,42,3,13.595650280639259,30.08713086470857,30.08713086470857,1.0
5,3,43,1,9.581058421977183,14.531645380708408,14.531645380708408,1.0
5,3,43,2,9.581058421977183,19.3160953537729,19.3160953537729,1.0
5,3,43,3,9.581058421977183,24.018525029294047,24.018525029294047,1.0
5,3,44,1,13.503687115084935,14.902600732182018,14.902600732182018,1.0
5,3,44,2,13.503687115084935,17.617491171811658,16.012985666680404,0.6099703624659438
5,3,44,3,13.503687115084935,22.918150858351964,19.016404788908737,0.5855583306873267
5,3,45,1,10.397511897606421,14.889103196469101,14.889103196469101,1.0
5,3,45,2,10.397511897606421,19.681868713322874,19.681868713322874,1.0
5,3,45,3,10.397511897606421,24.565480709032883,24.565480709032883,1.0
5,3,46,1,9.511797643336603,13.749832516316035,13.749832516316035,1.0
5,3,46,2,9.511797643336603,17.931267738837178,17.931267738837178,1.0
5,3,46,3,9.511797643336603,18.85927020865723,18.85927020865723,1.0
5,3,47,1,9.494087034201225,13.436098678866614,13.436098678866614,1.0
5,3,47,2,9.494087034201225,17.783484374197805,17.783484374197805,1.0
5,3,47,3,9.494087034201225,20.31177157653131,20.31177157653131,1.0
5,3,48,1,15.255885610363812,18.578991902607328,18.578991902607328,1.0
5,3,48,2,15.255885610363812,21.55784440751954,21.55784440751954,1.0
5,3,48,3,15.255885610363812,22.885071295402465,22.885071295402465,1.0
5,3,49,1,11.884830848964567,15.79349471938041,15.79349471938041,1.0
5,3,49,2,11.884830848964567,18.40125971564165,18.40125971564165,1.0
5,3,49,3,11.884830848964567,23.24042379997491,20.42411696430193,0.7519894515572255
5,3,50,1,11.483168370059296,14.485393471108733,14.485393471108733,1.0
5,3,50,2,11.483168370059296,16.943343250184668,16.943343250184668,1.0
5,3,50,3,11.483168370059296,20.74117590472396,20.74117590472396,1.0
5,3,51,1,11.381750151624288,16.28320637245805,16.28320637245805,1.0
5,3,51,2,11.381750151624288,20.186689767325866,20.186689767325866,1.0
5,3,51,3,11.381750151624288,21.65170279395714,21.65170279395714,1.0
5,3,52,1,10.060227826711195,12.877253207167609,12.877253207167609,1.0
5,3,52,2,10.060227826711195,14.56328430119843,14.56328430119843,1.0
5,3,52,3,10.060227826711195,17.4203493084431,14.664547940975076,0.6255766464849765
5,3,53,1,15.282485231047165,20.24682410369607,20.24682410369607,1.0
5,3,53,2,15.282485231047165,23.230429267522645,23.230429267522645,1.0
5,3,53,3,15.282485231047165,26.619773935276,26.619773935276,1.0
5,3,54,1,17.21645505236988,19.394205299130533,19.394205299130533,1.0
5,3,54,2,17.21645505236988,21.447723253902453,21.447723253902453,1.0
5,3,54,3,17.21645505236988,29.660732440858705,22.41870841398996,0.4180438284373391
5,3,55,1,5.904844980905075,7.072764312531074,7.072764312531074,1.0
5,3,55,2,5.904844980905075,7.916223196429162,7.916223196429162,1.0
5,3,55,3,5.904844980905075,16.385831542932124,14.248620806980039,0.7960868737590726
5,3,56,1,12.561585685040527,16.726104628874378,16.726104628874378,1.0
5,3,56,2,12.561585685040527,19.7850617988201,19.7850617988201,1.0
5,3,56,3,12.561585685040527,22.686644603846215,22.686644603846215,1.0
5,3,57,1,11.36706790954325,15.203950973932827,15.203950973932827,1.0
5,3,57,2,11.36706790954325,16.700853889877546,16.700853889877546,1.0
5,3,57,3,11.36706790954325,20.613726325970866,20.53778109068527,0.9917867372335643
5,3,58,1,16.578296382400335,22.850100331827907,22.850100331827907,1.0
5,3,58,2,16.578296382400335,24.35329705436353,24.35329705436353,1.0
5,3,58,3,16.578296382400335,27.967985882343193,27.967985882343193,1.0
5,3,59,1,17.804959787134496,20.329950450695616,20.329950450695616,1.0
5,3,59,2,17.804959787134496,22.547841532611365,22.547841532611365,1.0
5,3,59,3,17.804959787134496,23.81102228118899,23.81102228118899,1.0
5,3,60,1,9.885072479794804,15.610086438149644,15.610086438149644,1.0
5,3,60,2,9.885072479794804,19.344677655943354,19.344677655943354,1.0
5,3,60,3,9.885072479794804,21.91434215293684,21.91434215293684,1.0
5,3,61,1,4.850241369054926,9.156992306864415,9.156992306864415,1.0
5,3,61,2,4.850241369054926,11.226818361689402,11.226818361689402,1.0
5,3,61,3,4.850241369054926,12.903097314305624,12.903097314305624,1.0
5,3,62,1,15.8538374957379,19.86579079677308,19.86579079677308,1.0
5,3,62,2,15.8538374957379,22.143962703167542,22.143962703167542,1.0
5,3,62,3,15.8538374957379,24.661479183942006,24.177934160851095,0.9450993761771084
5,3,63,1,20.29810403798137,21.79498548621678,21.79498548621678,1.0
5,3,63,2,20.29810403798137,25.162063988204306,25.162063988204306,1.0
5,3,63,3,20.29810403798137,31.419047631875607,28.34131523585519,0.7232489878187861
5,3,64,1,9.150858614825678,10.365964998820097,10.365964998820097,1.0
5,3,64,2,9.150858614825678,10.822523330450988,10.822523330450988,1.0
5,3,64,3,9.150858614825678,15.319318816228176,11.7621823743546,0.42333478279315084
5,3,65,1,20.32865996085617,23.382764184957473,23.382764184957473,1.0
5,3,65,2,20.32865996085617,26.422401049338234,26.422401049338234,1.0
5,3,65,3,20.32865996085617,28.502952783687512,28.502952783687512,1.0
5,3,66,1,11.171904492344408,16.69295047826178,16.69295047826178,1.0
5,3,66,2,11.171904492344408,20.59244087358951,20.59244087358951,1.0
5,3,66,3,11.171904492344408,23.538484744220895,23.538484744220895,1.0
5,3,67,1,7.323246732680639,13.065788959248414,13.065788959248414,1.0
5,3,67,2,7.323246732680639,19.729514573537223,19.729514573537223,1.0
5,3,67,3,7.323246732680639,24.56955986328616,24.56955986328616,1.0
5,3,68,1,10.696571250076826,18.109845631877853,18.109845631877853,1.0
5,3,68,2,10.696571250076826,23.490299285483417,23.490299285483417,1.0
5,3,68,3,10.696571250076826,28.881389815668804,28.881389815668804,1.0
5,3,69,1,17.15384090817424,17.944475499322284,17.944475499322284,1.0
5,3,69,2,17.15384090817424,18.242805894908727,18.16442232060269,0.9280201151911329
5,3,69,3,17.15384090817424,20.985925988753717,19.03344048605677,0.49049004350349695
5,3,70,1,8.498704764064549,10.872714149785605,10.872714149785605,1.0
5,3,70,2,8.498704764064549,15.382125313636804,15.382125313636804,1.0
5,3,70,3,8.498704764064549,23.02754768416787,23.02754768416787,1.0
5,3,71,1,8.135162802585404,13.221484572584014,13.221484572584014,1.0
5,3,71,2,8.135162802585404,18.338494702557032,18.338494702557032,1.0
5,3,71,3,8.135162802585404,18.863830750595024,18.863830750595024,1.0
5,3,72,1,11.908911946465123,16.194469009663912,16.194469009663912,1.0
5,3,72,2,11.908911946465123,17.271818067246095,17.271818067246095,1.0
5,3,72,3,11.908911946465123,18.686444436326333,18.686444436326333,1.0
5,3,73,1,13.52208804191503,15.820277132480989,15.820277132480989,1.0
5,3,73,2,13.52208804191503,18.334437191763172,18.095588027596467,0.9503674490920422
5,3,73,3,13.52208804191503,21.640257326129323,20.632626282329127,0.8758795230151797
5,3,74,1,16.99440417117392,19.00391001484779,19.00391001484779,1.0
5,3,74,2,16.99440417117392,21.156881402209955,21.156881402209955,1.0
5,3,74,3,16.99440417117392,27.27507158189602,23.504310424171322,0.633218252562861
5,3,75,1,14.37138984126437,19.26451530126205,19.26451530126205,1.0
5,3,75,2,14.37138984126437,23.592163508217748,23.592163508217748,1.0
5,3,75,3,14.37138984126437,25.950771623002485,25.950771623002485,1.0
5,3,76,1,8.515175509608776,14.961246740811175,14.961246740811175,1.0
5,3,76,2,8.515175509608776,20.919116242011892,20.919116242011892,1.0
5,3,76,3,8.515175509608776,24.458937928214418,24.458937928214418,1.0
5,3,77,1,11.140585097792611,14.819873818983185,14.819873818983185,1.0
5,3,77,2,11.140585097792611,17.16609509057227,17.16609509057227,1.0
5,3,77,3,11.140585097792611,18.70947833900894,18.70947833900894,1.0
5,3,78,1,5.754239970131909,9.95264660120652,9.95264660120652,1.0
5,3,78,2,5.754239970131909,13.472668377987954,13.472668377987954,1.0
5,3,78,3,5.754239970131909,17.087818294867755,17.087818294867755,1.0
5,3,79,1,4.72951292325382,10.092138220797121,10.092138220797121,1.0
5,3,79,2,4.72951292325382,16.206477694678455,16.206477694678455,1.0
5,3,79,3,4.72951292325382,20.074101577235332,20.074101577235332,1.0
5,3,80,1,8.981835556854417,15.471271025364214,15.471271025364214,1.0
5,3,80,2,8.981835556854417,16.766354527477734,16.766354527477734,1.0
5,3,80,3,8.981835556854417,19.328611012497163,19.328611012497163,1.0
5,3,81,1,11.956489170736242,14.054553633729942,14.054553633729942,1.0
5,3,81,2,11.956489170736242,18.043826120698604,18.043826120698604,1.0
5,3,81,3,11.956489170736242,21.0565772750193,20.59765617705296,0.9495695983701143
5,3,82,1,22.192232329492068,26.56291704670711,26.56291704670711,1.0
5,3,82,2,22.192232329492068,28.719216955018013,28.719216955018013,1.0
5,3,82,3,22.192232329492068,30.11162372136208,30.11162372136208,1.0
5,3,83,1,16.04895324129198,22.34132134129134,22.34132134129134,1.0
5,3,83,2,16.04895324129198,25.510659338125436,25.510659338125436,1.0
5,3,83,3,16.04895324129198,29.30314008280424,29.30314008280424,1.0
5,3,84,1,10.192872661758058,12.229969319530774,12.229969319530774,1.0
5,3,84,2,10.192872661758058,13.590679188969261,13.590679188969261,1.0
5,3,84,3,10.192872661758058,18.369754516074806,18.369754516074806,1.0
5,3,85,1,11.702859951252016,15.174818368801663,15.174818368801663,1.0
5,3,85,2,11.702859951252016,18.871180718579936,18.871180718579936,1.0
5,3,85,3,11.702859951252016,22.307558951418326,22.307558951418326,1.0
5,3,86,1,11.556480393347588,17.366144125527022,17.366144125527022,1.0
5,3,86,2,11.556480393347588,18.554974160034714,18.554974160034714,1.0
5,3,86,3,11.556480393347588,18.9171260154802,18.632552829718875,0.9613385563753204
5,3,87,1,6.475083058981756,9.266063048523588,9.266063048523588,1.0
5,3,87,2,6.475083058981756,14.812332123556423,14.812332123556423,1.0
5,3,87,3,6.475083058981756,20.050807387515032,20.050807387515032,1.0
5,3,88,1,5.410765701812623,9.303002893616908,9.303002893616908,1.0
5,3,88,2,5.410765701812623,11.193507654179314,11.193507654179314,1.0
5,3,88,3,5.410765701812623,12.450453096069765,12.450453096069765,1.0
5,3,89,1,8.778042896666193,12.45638526540596,12.45638526540596,1.0
5,3,89,2,8.778042896666193,16.087563041334676,16.087563041334676,1.0
5,3,89,3,8.778042896666193,19.775217403108968,19.308808632897485,0.9575883087116391
5,3,90,1,10.45403823643414,14.903877721367706,14.903877721367706,1.0
5,3,90,2,10.45403823643414,16.90990193442822,16.90990193442822,1.0
5,3,90,3,10.45403823643414,19.167673897333543,19.167673897333543,1.0
5,3,91,1,11.14188334778206,14.234647267087869,14.234647267087869,1.0
5,3,91,2,11.14188334778206,17.761509051696024,17.761509051696024,1.0
5,3,91,3,11.14188334778206,23.812080286512163,23.812080286512163,1.0
5,3,92,1,17.965564067894594,23.217104283104888,23.217104283104888,1.0
5,3,92,2,17.965564067894594,26.245129040050504,26.245129040050504,1.0
5,3,92,3,17.965564067894594,31.791681511585473,31.791681511585473,1.0
5,3,93,1,21.779976107369677,26.16117619632605,26.16117619632605,1.0
5,3,93,2,21.779976107369677,26.58576681475426,26.58576681475426,1.0
5,3,93,3,21.779976107369677,29.10787055185197,29.10787055185197,1.0
5,3,94,1,12.187387328274333,16.48669712941217,16.48669712941217,1.0
5,3,94,2,12.187387328274333,18.245055655973445,18.245055655973445,1.0
5,3,94,3,12.187387328274333,21.436169396648843,19.501526531196944,0.7908218778267834
5,3,95,1,8.092452248442758,10.746637308624987,10.746637308624987,1.0
5,3,95,2,8.092452248442758,15.670547210628971,15.670547210628971,1.0
5,3,95,3,8.092452248442758,21.116347135362567,21.116347135362567,1.0
5,3,96,1,16.235363064380692,19.777466761920333,19.777466761920333,1.0
5,3,96,2,16.235363064380692,22.916955082952065,22.916955082952065,1.0
5,3,96,3,16.235363064380692,28.612164712899208,28.612164712899208,1.0
5,3,97,1,9.25678742101407,13.13115665443915,13.13115665443915,1.0
5,3,97,2,9.25678742101407,15.209453322789296,15.209453322789296,1.0
5,3,97,3,9.25678742101407,20.521813092733808,20.521813092733808,1.0
5,3,98,1,5.79427704050101,6.647664796606499,6.647664796606499,1.0
5,3,98,2,5.79427704050101,9.734749470066287,9.734749470066287,1.0
5,3,98,3,5.79427704050101,12.324045496503553,12.324045496503553,1.0
5,3,99,1,7.365455257308024,11.485515407475337,11.485515407475337,1.0
5,3,99,2,7.365455257308024,16.21849462439762,16.21849462439762,1.0
5,3,99,3,7.365455257308024,20.12055889816554,20.12055889816554,1.0
9,5,0,1,16.211536918852087,19.499158797747334,19.499158797747334,1.0
9,5,0,2,16.211536918852087,25.824804857974822,25.824804857974822,1.0
9,5,0,3,16.211536918852087,29.595382360624694,29.595382360624694,1.0
9,5,1,1,9.879101942543729,10.95981068212535,10.95981068212535,1.0
9,5,1,2,9.879101942543729,14.074837812829962,14.074837812829962,1.0
9,5,1,3,9.879101942543729,17.40191976847357,17.40191976847357,1.0
9,5,2,1,18.53638134362202,22.0542028874749,22.0542028874749,1.0
9,5,2,2,18.53638134362202,25.312112567126526,25.312112567126526,1.0
9,5,2,3,18.53638134362202,28.55652464422372,28.55652464422372,1.0
9,5,3,1,18.95928508703415,23.79088548976477,23.79088548976477,1.0
9,5,3,2,18.95928508703415,28.397263502364673,28.397263502364673,1.0
9,5,3,3,18.95928508703415,31.60612086608768,31.60612086608768,1.0
9,5,4,1,20.892717554619225,24.673041778628004,24.673041778628004,1.0
9,5,4,2,20.892717554619225,27.450325555770604,27.450325555770604,1.0
9,5,4,3,20.892717554619225,29.580753236994994,29.580753236994994,1.0
9,5,5,1,22.678902456733873,28.958559514340706,28.958559514340706,1.0
9,5,5,2,22.678902456733873,32.85245846303576,32.85245846303576,1.0
9,5,5,3,22.678902456733873,36.97594615686852,36.97594615686852,1.0
9,5,6,1,22.98653464669931,28.398098392977577,28.398098392977577,1.0
9,5,6,2,22.98653464669931,31.86911406782622,31.86911406782622,1.0
9,5,6,3,22.98653464669931,34.78951357354764,34.78951357354764,1.0
9,5,7,1,12.02758164622583,16.206558813491974,16.206558813491974,1.0
9,5,7,2,12.02758164622583,19.943880972905088,19.943880972905088,1.0
9,5,7,3,12.02758164622583,25.17707470936142,25.17707470936142,1.0
9,5,8,1,21.701374772133132,27.527602643566084,27.527602643566084,1.0
9,5,8,2,21.701374772133132,31.960448522515243,31.960448522515243,1.0
9,5,8,3,21.701374772133132,34.63072785563895,34.63072785563895,1.0
9,5,9,1,14.29495177313763,15.807229024864805,15.807229024864805,1.0
9,5,9,2,14.29495177313763,19.309271389441776,17.54332791591984,0.6478199220129605
9,5,9,3,14.29495177313763,22.88032574361257,21.404322991762083,0.8280793874644886
9,5,10,1,14.490803337215716,17.53244795925406,17.53244795925406,1.0
9,5,10,2,14.490803337215716,20.512108311806116,20.512108311806116,1.0
9,5,10,3,14.490803337215716,22.963374277742084,22.963374277742084,1.0
9,5,11,1,21.654347967057284,27.95406083574764,27.95406083574764,1.0
9,5,11,2,21.654347967057284,32.69239204259612,32.69239204259612,1.0
9,5,11,3,21.654347967057284,36.83667243245086,36.83667243245086,1.0
9,5,12,1,23.873552318980195,26.7935784878191,26.7935784878191,1.0
9,5,12,2,23.873552318980195,28.368805311536676,28.368805311536676,1.0
9,5,12,3,23.873552318980195,30.514678575922854,30.514678575922854,1.0
9,5,13,1,12.632590393979324,16.14826893161886,16.14826893161886,1.0
9,5,13,2,12.632590393979324,19.574178540754996,19.574178540754996,1.0
9,5,13,3,12.632590393979324,24.91274872208666,24.91274872208666,1.0
9,5,14,1,19.881463816978034,25.216518664740676,25.216518664740676,1.0
9,5,14,2,19.881463816978034,29.225101260008366,29.225101260008366,1.0
9,5,14,3,19.881463816978034,33.158461448990444,33.158461448990444,1.0
9,5,15,1,17.763437149716875,23.59149205981926,23.59149205981926,1.0
9,5,15,2,17.763437149716875,28.9825838184493,28.9825838184493,1.0
9,5,15,3,17.763437149716875,33.7601591649324,33.7601591649324,1.0
9,5,16,1,14.482532903687169,18.14486004625083,18.14486004625083,1.0
9,5,16,2,14.482532903687169,20.61468913270828,20.61468913270828,1.0
9,5,16,3,14.482532903687169,22.45104935416991,22.45104935416991,1.0
9,5,17,1,12.014925673235851,17.446796096475,17.446796096475,1.0
9,5,17,2,12.014925673235851,23.14611732246557,23.14611732246557,1.0
9,5,17,3,12.014925673235851,27.715839309713928,27.715839309713928,1.0
9,5,18,1,18.850186831522535,24.039656797913047,24.039656797913047,1.0
9,5,18,2,18.850186831522535,28.47460264274443,28.47460264274443,1.0
9,5,18,3,18.850186831522535,31.70073752219472,31.70073752219472,1.0
9,5,19,1,16.87995295416019,20.321482631779308,20.321482631779308,1.0
9,5,19,2,16.87995295416019,24.735787194120526,24.735787194120526,1.0
9,5,19,3,16.87995295416019,27.906008847799633,27.906008847799633,1.0
9,5,20,1,15.379775444615246,20.20881976775435,20.20881976775435,1.0
9,5,20,2,15.379775444615246,24.90924147646279,24.90924147646279,1.0
9,5,20,3,15.379775444615246,29.589349667654982,29.5484823004428,0.9971239555407706
9,5,21,1,26.110479276993907,29.289239515448116,29.289239515448116,1.0
9,5,21,2,26.110479276993907,31.92335372587872,31.92335372587872,1.0
9,5,21,3,26.110479276993907,34.334211456847775,34.334211456847775,1.0
9,5,22,1,19.54589040536161,22.751107483251296,22.751107483251296,1.0
9,5,22,2,19.54589040536161,25.51034580112869,25.51034580112869,1.0
9,5,22,3,19.54589040536161,27.39793135847891,27.39793135847891,1.0
9,5,23,1,16.234584271869842,20.44179677939943,20.44179677939943,1.0
9,5,23,2,16.234584271869842,23.97756518296923,23.97756518296923,1.0
9,5,23,3,16.234584271869842,28.72060610784434,28.72060610784434,1.0
9,5,24,1,28.056240501671773,32.93329154438875,32.93329154438875,1.0
9,5,24,2,28.056240501671773,35.9457258403993,35.9457258403993,1.0
9,5,24,3,28.056240501671773,38.44910432275306,38.44910432275306,1.0
9,5,25,1,19.402080242118135,22.91280885122789,22.91280885122789,1.0
9,5,25,2,19.402080242118135,26.24050501650198,26.24050501650198,1.0
9,5,25,3,19.402080242118135,29.37994896390758,29.37994896390758,1.0
9,5,26,1,22.87787055352306,27.561835138847933,27.561835138847933,1.0
9,5,26,2,22.87787055352306,30.91062820682209,30.91062820682209,1.0
9,5,26,3,22.87787055352306,33.0883296246929,33.0883296246929,1.0
9,5,27,1,23.599646623459826,28.71223482070307,28.71223482070307,1.0
9,5,27,2,23.599646623459826,31.480348863961325,31.480348863961325,1.0
9,5,27,3,23.599646623459826,34.45716682712454,34.45716682712454,1.0
9,5,28,1,21.141034160892065,25.287433862690428,25.287433862690428,1.0
9,5,28,2,21.141034160892065,28.172169889525215,28.172169889525215,1.0
9,5,28,3,21.141034160892065,31.067397294479616,31.067397294479616,1.0
9,5,29,1,17.833450379356968,21.424525144948845,21.424525144948845,1.0
9,5,29,2,17.833450379356968,25.12829511609104,25.12829511609104,1.0
9,5,29,3,17.833450379356968,28.586525967996412,28.586525967996412,1.0
9,5,30,1,20.355605673228144,26.166355383024175,26.166355383024175,1.0
9,5,30,2,20.355605673228144,31.722886444450374,31.722886444450374,1.0
9,5,30,3,20.355605673228144,35.325183932227105,35.325183932227105,1.0
9,5,31,1,17.349068719401437,19.964282674796557,19.964282674796557,1.0
9,5,31,2,17.349068719401437,22.56225623462947,22.56225623462947,1.0
9,5,31,3,17.349068719401437,24.907138025792822,24.907138025792822,1.0
9,5,32,1,20.595816122335766,24.583915742333733,24.583915742333733,1.0
9,5,32,2,20.595816122335766,27.694658089284385,27.694658089284385,1.0
9,5,32,3,20.595816122335766,29.559532994591592,29.092060676759175,0.9478483842702216
9,5,33,1,13.202368481150438,17.734084506095332,17.734084506095332,1.0
9,5,33,2,13.202368481150438,20.573405253593506,20.573405253593506,1.0
9,5,33,3,13.202368481150438,21.890169530932674,21.890169530932674,1.0
9,5,34,1,12.99194846298148,15.518615994038793,15.518615994038793,1.0
9,5,34,2,12.99194846298148,17.87165250082776,17.87165250082776,1.0
9,5,34,3,12.99194846298148,20.825221328137204,20.825221328137204,1.0
9,5,35,1,11.866910649410938,14.937149909854604,14.937149909854604,1.0
9,5,35,2,11.866910649410938,20.849980013072837,20.849980013072837,1.0
9,5,35,3,11.866910649410938,26.386338969956462,26.386338969956462,1.0
9,5,36,1,16.412308949599343,21.483935966297736,21.483935966297736,1.0
9,5,36,2,16.412308949599343,25.224620199994273,25.224620199994273,1.0
9,5,36,3,16.412308949599343,29.87248170848709,29.87248170848709,1.0
9,5,37,1,18.703740149254006,23.5907968904598,23.5907968904598,1.0
9,5,37,2,18.703740149254006,27.881900970557446,27.881900970557446,1.0
9,5,37,3,18.703740149254006,29.60175138134293,29.60175138134293,1.0
9,5,38,1,12.776756704807939,18.059314560337782,18.059314560337782,1.0
9,5,38,2,12.776756704807939,23.702566676713687,23.702566676713687,1.0
9,5,38,3,12.776756704807939,30.028125162883956,30.028125162883956,1.0
9,5,39,1,11.201349680336065,13.637419440564793,13.637419440564793,1.0
9,5,39,2,11.201349680336065,16.33874314663558,16.33874314663558,1.0
9,5,39,3,11.201349680336065,21.458046928278623,21.458046928278623,1.0
9,5,40,1,18.917662673011293,22.99167704087646,22.99167704087646,1.0
9,5,40,2,18.917662673011293,27.300303118039807,27.300303118039807,1.0
9,5,40,3,18.917662673011293,30.93872149519296,30.93872149519296,1.0
9,5,41,1,21.269821886884696,27.232191696760026,27.232191696760026,1.0
9,5,41,2,21.269821886884696,32.29746277615428,32.29746277615428,1.0
9,5,41,3,21.269821886884696,37.37808881466471,37.37808881466471,1.0
9,5,42,1,25.78296092262006,28.403725435918282,28.403725435918282,1.0
9,5,42,2,25.78296092262006,30.239818774967855,30.239818774967855,1.0
9,5,42,3,25.78296092262006,32.054267575864415,32.054267575864415,1.0
9,5,43,1,25.52295942811792,31.425475327427908,31.425475327427908,1.0
9,5,43,2,25.52295942811792,33.82692445213005,33.82692445213005,1.0
9,5,43,3,25.52295942811792,36.85814101420622,36.85814101420622,1.0
9,5,44,1,12.512912082136642,16.53735991517326,16.53735991517326,1.0
9,5,44,2,12.512912082136642,19.729624312631046,19.729624312631046,1.0
9,5,44,3,12.512912082136642,23.85853158550874,23.85853158550874,1.0
9,5,45,1,20.319679238688963,25.181850975649297,25.181850975649297,1.0
9,5,45,2,20.319679238688963,30.23159123326459,30.23159123326459,1.0
9,5,45,3,20.319679238688963,33.52115105233253,33.52115105233253,1.0
9,5,46,1,25.82190253938721,32.51379334677972,32.51379334677972,1.0
9,5,46,2,25.82190253938721,36.35542244565093,36.35542244565093,1.0
9,5,46,3,25.82190253938721,39.87262609966646,39.87262609966646,1.0
9,5,47,1,9.607407183447624,14.17416180199762,14.17416180199762,1.0
9,5,47,2,9.607407183447624,17.843013073480765,17.843013073480765,1.0
9,5,47,3,9.607407183447624,20.98095355992904,20.98095355992904,1.0
9,5,48,1,16.034776000581083,18.169593257523612,18.169593257523612,1.0
9,5,48,2,16.034776000581083,21.80092931698387,21.80092931698387,1.0
9,5,48,3,16.034776000581083,24.213303313997226,24.213303313997226,1.0
9,5,49,1,21.860097347322053,26.650859880509557,26.650859880509557,1.0
9,5,49,2,21.860097347322053,30.337137045929104,30.337137045929104,1.0
9,5,49,3,21.860097347322053,34.09241118283774,34.09241118283774,1.0
9,5,50,1,23.238144907994474,27.44078079119638,27.44078079119638,1.0
9,5,50,2,23.238144907994474,31.367366320510765,31.367366320510765,1.0
9,5,50,3,23.238144907994474,34.40408945792775,34.40408945792775,1.0
9,5,51,1,21.867826544607407,28.209267627388048,28.209267627388048,1.0
9,5,51,2,21.867826544607407,32.88035060143821,32.88035060143821,1.0
9,5,51,3,21.867826544607407,36.51945971126648,36.51945971126648,1.0
9,5,52,1,18.0966899876089,21.838682111665634,21.838682111665634,1.0
9,5,52,2,18.0966899876089,26.1981967509099,26.1981967509099,1.0
9,5,52,3,18.0966899876089,30.7738736319741,30.7738736319741,1.0
9,5,53,1,24.059697873242037,29.67244373362813,29.67244373362813,1.0
9,5,53,2,24.059697873242037,32.70492434105057,32.70492434105057,1.0
9,5,53,3,24.059697873242037,34.48152763053899,34.48152763053899,1.0
9,5,54,1,21.869619407144263,25.48236858788159,25.48236858788159,1.0
9,5,54,2,21.869619407144263,29.164658520294317,29.164658520294317,1.0
9,5,54,3,21.869619407144263,30.876972705556426,30.876972705556426,1.0
9,5,55,1,26.33823730221088,33.13210499492174,33.13210499492174,1.0
9,5,55,2,26.33823730221088,38.703881858461656,38.703881858461656,1.0
9,5,55,3,26.33823730221088,42.783350875335465,42.783350875335465,1.0
9,5,56,1,24.110711591728183,27.310722055803694,27.310722055803694,1.0
9,5,56,2,24.110711591728183,30.273754263129753,30.273754263129753,1.0
9,5,56,3,24.110711591728183,32.940755927950214,32.940755927950214,1.0
9,5,57,1,32.61579563165273,37.27904059090979,37.27904059090979,1.0
9,5,57,2,32.61579563165273,39.49990045131479,39.49990045131479,1.0
9,5,57,3,32.61579563165273,40.49017800917284,40.49017800917284,1.0
9,5,58,1,15.74924128107217,21.780198619768587,21.780198619768587,1.0
9,5,58,2,15.74924128107217,29.63119044250096,29.63119044250096,1.0
9,5,58,3,15.74924128107217,34.42836611263924,34.42836611263924,1.0
9,5,59,1,15.419784286484514,20.04499177566298,20.04499177566298,1.0
9,5,59,2,15.419784286484514,22.35292009213547,22.35292009213547,1.0
9,5,59,3,15.419784286484514,24.972203729457426,24.50082347872971,0.9506533131693166
9,5,60,1,24.729441371349083,26.64981645278022,26.64981645278022,1.0
9,5,60,2,24.729441371349083,28.057627392458613,28.057627392458613,1.0
9,5,60,3,24.729441371349083,29.64151483512869,29.64151483512869,1.0
9,5,61,1,12.140263541094502,15.299142303908322,15.299142303908322,1.0
9,5,61,2,12.140263541094502,18.810367599494633,18.810367599494633,1.0
9,5,61,3,12.140263541094502,20.62219853408738,20.62219853408738,1.0
9,5,62,1,14.48826001895069,17.972117210259196,17.972117210259196,1.0
9,5,62,2,14.48826001895069,20.95838769643649,20.95838769643649,1.0
9,5,62,3,14.48826001895069,25.49460982297075,24.30951706637264,0.8923264499402646
9,5,63,1,20.348246702677542,23.2638594337568,23.2638594337568,1.0
9,5,63,2,20.348246702677542,26.60682172292398,26.60682172292398,1.0
9,5,63,3,20.348246702677542,30.119942495699608,30.119942495699608,1.0
9,5,64,1,18.45960660500082,23.21847434867182,23.21847434867182,1.0
9,5,64,2,18.45960660500082,27.161793258723808,27.161793258723808,1.0
9,5,64,3,18.45960660500082,31.20769134666161,31.20769134666161,1.0
9,5,65,1,15.734235704472542,22.35178216094628,22.35178216094628,1.0
9,5,65,2,15.734235704472542,29.57726602533623,29.57726602533623,1.0
9,5,65,3,15.734235704472542,31.734500404285505,31.734500404285505,1.0
9,5,66,1,18.221584577573697,22.386959009106647,22.386959009106647,1.0
9,5,66,2,18.221584577573697,27.37112137502105,27.37112137502105,1.0
9,5,66,3,18.221584577573697,30.83386508092755,30.83386508092755,1.0
9,5,67,1,20.18382155081389,26.02718184230071,26.02718184230071,1.0
9,5,67,2,20.18382155081389,29.85542381224525,29.85542381224525,1.0
9,5,67,3,20.18382155081389,31.23114652214754,31.23114652214754,1.0
9,5,68,1,19.626612359774438,21.721667738733288,21.721667738733288,1.0
9,5,68,2,19.626612359774438,24.158106620016582,24.158106620016582,1.0
9,5,68,3,19.626612359774438,25.88556663396207,25.88556663396207,1.0
9,5,69,1,9.801959023524331,11.737258113406345,11.737258113406345,1.0
9,5,69,2,9.801959023524331,16.473258578352926,15.513405845540303,0.8561220756279945
9,5,69,3,9.801959023524331,22.748895935172932,21.061525312637688,0.8696702830908919
9,5,70,1,17.40707421092292,19.800780795736024,19.800780795736024,1.0
9,5,70,2,17.40707421092292,21.67682035597965,21.67682035597965,1.0
9,5,70,3,17.40707421092292,24.314650158895148,23.345842469370098,0.859747081056785
9,5,71,1,12.372666294296486,15.284657685463923,15.284657685463923,1.0
9,5,71,2,12.372666294296486,19.336491978810734,19.336491978810734,1.0
9,5,71,3,12.372666294296486,23.216138758086707,23.216138758086707,1.0
9,5,72,1,28.95139409728956,31.706702570701808,31.706702570701808,1.0
9,5,72,2,28.95139409728956,33.73353242148562,33.73353242148562,1.0
9,5,72,3,28.95139409728956,35.70381877377674,35.70381877377674,1.0
9,5,73,1,23.04777035992177,27.733005884600427,27.733005884600427,1.0
9,5,73,2,23.04777035992177,30.161072981991172,30.161072981991172,1.0
9,5,73,3,23.04777035992177,32.04350242305718,32.04350242305718,1.0
9,5,74,1,18.93342958184409,24.260953213249415,24.260953213249415,1.0
9,5,74,2,18.93342958184409,28.24699533845111,28.24699533845111,1.0
9,5,74,3,18.93342958184409,33.44249539224495,33.44249539224495,1.0
9,5,75,1,17.24826571760486,20.70899907802827,20.70899907802827,1.0
9,5,75,2,17.24826571760486,23.61877925855099,23.61877925855099,1.0
9,5,75,3,17.24826571760486,26.980886468701588,26.980886468701588,1.0
9,5,76,1,17.244282013686544,21.940779581363806,21.940779581363806,1.0
9,5,76,2,17.244282013686544,26.49885829734461,26.49885829734461,1.0
9,5,76,3,17.244282013686544,28.96731565294039,28.96731565294039,1.0
9,5,77,1,15.729334777492452,19.626003545692747,19.626003545692747,1.0
9,5,77,2,15.729334777492452,23.15877338106253,23.15877338106253,1.0
9,5,77,3,15.729334777492452,27.16462833136673,26.863834110343557,0.9736959773174111
9,5,78,1,21.114357901942455,26.39054325251997,26.39054325251997,1.0
9,5,78,2,21.114357901942455,32.05380569819527,32.05380569819527,1.0
9,5,78,3,21.114357901942455,37.224189619775025,37.224189619775025,1.0
9,5,79,1,21.42851403613199,27.193636574786943,27.193636574786943,1.0
9,5,79,2,21.42851403613199,31.40760150322622,31.40760150322622,1.0
9,5,79,3,21.42851403613199,34.499735024197264,34.499735024197264,1.0
9,5,80,1,20.360099924557495,26.593968921171655,26.593968921171655,1.0
9,5,80,2,20.360099924557495,32.15617995595979,32.15617995595979,1.0
9,5,80,3,20.360099924557495,37.3394219069918,37.3394219069918,1.0
9,5,81,1,21.92383666517948,26.074666787178078,26.074666787178078,1.0
9,5,81,2,21.92383666517948,30.14798842312302,30.14798842312302,1.0
9,5,81,3,21.92383666517948,33.12498122199068,33.12498122199068,1.0
9,5,82,1,19.534941677348996,24.503316022541497,24.503316022541497,1.0
9,5,82,2,19.534941677348996,28.838631657027875,28.838631657027875,1.0
9,5,82,3,19.534941677348996,34.95618694637166,34.95618694637166,1.0
9,5,83,1,26.595097534085888,32.791236483401605,32.791236483401605,1.0
9,5,83,2,26.595097534085888,36.537426418104715,36.537426418104715,1.0
9,5,83,3,26.595097534085888,39.316335340002,39.316335340002,1.0
9,5,84,1,13.151230652792359,16.478449624107334,16.478449624107334,1.0
9,5,84,2,13.151230652792359,19.773917469135156,19.773917469135156,1.0
9,5,84,3,13.151230652792359,23.742306880754274,23.742306880754274,1.0
9,5,85,1,20.6690550489881,23.198766763594698,23.198766763594698,1.0
9,5,85,2,20.6690550489881,26.577063323556985,26.577063323556985,1.0
9,5,85,3,20.6690550489881,30.080158748192108,30.080158748192108,1.0
9,5,86,1,20.165143795680212,21.64336628500282,21.64336628500282,1.0
9,5,86,2,20.165143795680212,22.877809036905695,22.877809036905695,1.0
9,5,86,3,20.165143795680212,25.19716653342492,25.19716653342492,1.0
9,5,87,1,7.9112633632459275,13.09392298122549,13.09392298122549,1.0
9,5,87,2,7.9112633632459275,19.618197415279035,19.231621910826966,0.9669789286645095
9,5,87,3,7.9112633632459275,26.26869657184072,25.76804263830581,0.9727274544406075
9,5,88,1,27.76210098805465,30.452413273237944,30.452413273237944,1.0
9,5,88,2,27.76210098805465,33.313209993023236,33.313209993023236,1.0
9,5,88,3,27.76210098805465,37.31534683551677,37.31534683551677,1.0
9,5,89,1,21.7284186743478,26.443877452163196,26.443877452163196,1.0
9,5,89,2,21.7284186743478,30.858774792062395,30.858774792062395,1.0
9,5,89,3,21.7284186743478,33.88945125167347,33.88945125167347,1.0
9,5,90,1,11.226861617685914,16.702940599165807,16.702940599165807,1.0
9,5,90,2,11.226861617685914,23.130963650046574,23.130963650046574,1.0
9,5,90,3,11.226861617685914,29.868211691012462,29.868211691012462,1.0
9,5,91,1,21.718664419992724,23.355262560369518,23.355262560369518,1.0
9,5,91,2,21.718664419992724,25.780779921012684,25.780779921012684,1.0
9,5,91,3,21.718664419992724,28.194145783342368,28.194145783342368,1.0
9,5,92,1,21.72349343123102,28.27982824222871,28.27982824222871,1.0
9,5,92,2,21.72349343123102,33.329421886343695,33.329421886343695,1.0
9,5,92,3,21.72349343123102,38.60535508306745,38.60535508306745,1.0
9,5,93,1,9.105650926667444,11.717801667668988,11.717801667668988,1.0
9,5,93,2,9.105650926667444,14.972046334981911,14.972046334981911,1.0
9,5,93,3,9.105650926667444,17.71508418778062,17.71508418778062,1.0
9,5,94,1,19.839280523898548,22.176419279030206,22.176419279030206,1.0
9,5,94,2,19.839280523898548,24.051418107628496,24.051418107628496,1.0
9,5,94,3,19.839280523898548,27.347627274049636,27.347627274049636,1.0
9,5,95,1,20.093532776945274,26.059610418621755,26.059610418621755,1.0
9,5,95,2,20.093532776945274,30.31175983076193,30.31175983076193,1.0
9,5,95,3,20.093532776945274,33.93166042518413,33.93166042518413,1.0
9,5,96,1,12.711615715911133,16.260109818298204,16.260109818298204,1.0
9,5,96,2,12.711615715911133,19.64106762476127,19.64106762476127,1.0
9,5,96,3,12.711615715911133,22.696262546728498,22.696262546728498,1.0
9,5,97,1,18.035438114450034,24.078034331485803,24.078034331485803,1.0
9,5,97,2,18.035438114450034,29.042058679365056,29.042058679365056,1.0
9,5,97,3,18.035438114450034,34.203263054534794,34.203263054534794,1.0
9,5,98,1,11.480400688335795,14.569109898212142,14.569109898212142,1.0
9,5,98,2,11.480400688335795,18.926746612472378,18.926746612472378,1.0
9,5,98,3,11.480400688335795,24.778328321445322,24.778328321445322,1.0
9,5,99,1,32.652593820073804,33.9161553090201,33.9161553090201,1.0
9,5,99,2,32.652593820073804,35.778135010165414,35.778135010165414,1.0
9,5,99,3,32.652593820073804,37.51201523808218,37.51201523808218,1.0
11,6,0,1,20.274148627265376,25.519705740495215,25.519705740495215,1.0
11,6,0,2,20.274148627265376,30.553116997875076,30.553116997875076,1.0
11,6,0,3,20.274148627265376,35.19505695053696,35.19505695053696,1.0
11,6,1,1,20.91617738001899,26.18977063214532,26.18977063214532,1.0
11,6,1,2,20.91617738001899,31.838945851639394,31.838945851639394,1.0
11,6,1,3,20.91617738001899,35.806899266766564,35.806899266766564,1.0
11,6,2,1,19.404137110899466,25.561496935262724,25.561496935262724,1.0
11,6,2,2,19.404137110899466,30.4844597265622,30.4844597265622,1.0
11,6,2,3,19.404137110899466,35.220176291231226,35.220176291231226,1.0
11,6,3,1,21.89889373163935,25.962487285327448,25.962487285327448,1.0
11,6,3,2,21.89889373163935,29.991492279870506,29.991492279870506,1.0
11,6,3,3,21.89889373163935,33.87261672800552,33.87261672800552,1.0
11,6,4,1,17.074072646948423,20.863226964213496,20.863226964213496,1.0
11,6,4,2,17.074072646948423,23.638213256062834,23.638213256062834,1.0
11,6,4,3,17.074072646948423,25.433911427462657,25.433911427462657,1.0
11,6,5,1,24.388275083236543,29.01762296987267,29.01762296987267,1.0
11,6,5,2,24.388275083236543,33.009661707410935,33.009661707410935,1.0
11,6,5,3,24.388275083236543,37.606119247452554,37.606119247452554,1.0
11,6,6,1,21.45092790573542,26.336461575458575,26.336461575458575,1.0
11,6,6,2,21.45092790573542,31.37035053223768,31.37035053223768,1.0
11,6,6,3,21.45092790573542,35.70485788942245,35.70485788942245,1.0
11,6,7,1,19.602754225123295,24.243260478689788,24.243260478689788,1.0
11,6,7,2,19.602754225123295,29.097578645496107,29.097578645496107,1.0
11,6,7,3,19.602754225123295,33.49248923333023,33.49248923333023,1.0
11,6,8,1,21.123753383792433,23.44111879202437,23.44111879202437,1.0
11,6,8,2,21.123753383792433,25.363050266269642,25.363050266269642,1.0
11,6,8,3,21.123753383792433,28.04565266772486,28.04565266772486,1.0
11,6,9,1,18.696817913444608,24.467102209254133,24.467102209254133,1.0
11,6,9,2,18.696817913444608,30.373614342769258,30.373614342769258,1.0
11,6,9,3,18.696817913444608,35.327718162901604,35.327718162901604,1.0
11,6,10,1,16.448533962074233,19.66833699137089,19.66833699137089,1.0
11,6,10,2,16.448533962074233,23.424283554570568,23.424283554570568,1.0
11,6,10,3,16.448533962074233,25.427927678608732,25.427927678608732,1.0
11,6,11,1,30.182429682348065,36.11959677207797,36.11959677207797,1.0
11,6,11,2,30.182429682348065,41.835307670882784,41.835307670882784,1.0
11,6,11,3,30.182429682348065,46.51319987860652,46.51319987860652,1.0
11,6,12,1,27.727246196049244,31.32514990287552,31.32514990287552,1.0
11,6,12,2,27.727246196049244,34.29268896893068,34.29268896893068,1.0
11,6,12,3,27.727246196049244,37.302200604253166,37.302200604253166,1.0
11,6,13,1,31.620123769044834,37.06783388768626,37.06783388768626,1.0
11,6,13,2,31.620123769044834,40.43063790892029,40.43063790892029,1.0
11,6,13,3,31.620123769044834,43.75006899267745,43.75006899267745,1.0
11,6,14,1,21.584215672317296,26.923021502555898,26.923021502555898,1.0
11,6,14,2,21.584215672317296,32.16773205221125,32.16773205221125,1.0
11,6,14,3,21.584215672317296,35.641472832934056,35.641472832934056,1.0
11,6,15,1,22.75026175211411,24.601503868770912,24.601503868770912,1.0
11,6,15,2,22.75026175211411,28.010853904385066,28.010853904385066,1.0
11,6,15,3,22.75026175211411,31.372438303571833,31.372438303571833,1.0
11,6,16,1,21.860317991081505,28.983597894535695,28.983597894535695,1.0
11,6,16,2,21.860317991081505,35.0765941057843,35.0765941057843,1.0
11,6,16,3,21.860317991081505,40.742360513381556,40.742360513381556,1.0
11,6,17,1,26.240831041016918,33.89876180310248,33.89876180310248,1.0
11,6,17,2,26.240831041016918,40.97980794734667,40.97980794734667,1.0
11,6,17,3,26.240831041016918,44.12092202973196,44.12092202973196,1.0
11,6,18,1,12.662001467770798,17.629529011930423,17.629529011930423,1.0
11,6,18,2,12.662001467770798,21.762326344561657,21.762326344561657,1.0
11,6,18,3,12.662001467770798,25.172176574292056,25.172176574292056,1.0
11,6,19,1,13.778982206644727,17.21320796778855,17.21320796778855,1.0
11,6,19,2,13.778982206644727,21.396827707548532,21.396827707548532,1.0
11,6,19,3,13.778982206644727,26.709699560766047,26.46369264465991,0.9809749985736307
11,6,20,1,17.51267484550895,20.591973315093007,20.591973315093007,1.0
11,6,20,2,17.51267484550895,23.135353828871988,23.135353828871988,1.0
11,6,20,3,17.51267484550895,27.312312536760434,27.312312536760434,1.0
11,6,21,1,17.65219071761043,22.946215201862273,22.946215201862273,1.0
11,6,21,2,17.65219071761043,28.442887574456883,28.442887574456883,1.0
11,6,21,3,17.65219071761043,33.390959130852494,33.390959130852494,1.0
11,6,22,1,10.975678218257864,12.813154067962719,12.813154067962719,1.0
11,6,22,2,10.975678218257864,14.704810798317926,14.704810798317926,1.0
11,6,22,3,10.975678218257864,19.916964081875783,19.251841398501398,0.9256121889491569
11,6,23,1,14.87638310370793,18.459465014914528,18.459465014914528,1.0
11,6,23,2,14.87638310370793,21.655279100506828,21.309413752167522,0.948979103897946
11,6,23,3,14.87638310370793,26.41011794256452,25.23836101171343,0.898406114998977
11,6,24,1,21.737402587645278,26.961627157713615,26.961627157713615,1.0
11,6,24,2,21.737402587645278,31.02863961514442,31.02863961514442,1.0
11,6,24,3,21.737402587645278,35.00733407138404,35.00733407138404,1.0
11,6,25,1,24.08011627894202,27.76145400656549,27.76145400656549,1.0
11,6,25,2,24.08011627894202,31.59370707766376,31.59370707766376,1.0
11,6,25,3,24.08011627894202,36.67923877108846,36.67923877108846,1.0
11,6,26,1,18.49802782573161,24.156181553109107,24.156181553109107,1.0
11,6,26,2,18.49802782573161,29.501333063038956,29.501333063038956,1.0
11,6,26,3,18.49802782573161,34.784637899019536,34.784637899019536,1.0
11,6,27,1,27.34047165898109,33.69588440673711,33.69588440673711,1.0
11,6,27,2,27.34047165898109,39.06081653396895,39.06081653396895,1.0
11,6,27,3,27.34047165898109,43.4994022754615,43.4994022754615,1.0
11,6,28,1,17.869185627203077,22.930360607849718,22.930360607849718,1.0
11,6,28,2,17.869185627203077,27.986926425732925,27.986926425732925,1.0
11,6,28,3,17.869185627203077,32.60436807539469,32.60436807539469,1.0
11,6,29,1,17.18361468774265,21.002207129000297,21.002207129000297,1.0
11,6,29,2,17.18361468774265,24.175929023804322,24.175929023804322,1.0
11,6,29,3,17.18361468774265,28.166131373205054,28.166131373205054,1.0
11,6,30,1,29.365442424382138,33.54165857142171,33.54165857142171,1.0
11,6,30,2,29.365442424382138,37.26463640999019,37.26463640999019,1.0
11,6,30,3,29.365442424382138,40.04391554079449,40.04391554079449,1.0
11,6,31,1,17.56980316043073,18.64612806792521,18.64612806792521,1.0
11,6,31,2,17.56980316043073,19.649866732190194,19.649866732190194,1.0
11,6,31,3,17.56980316043073,20.79537031396732,20.55574121497828,0.9257094682631839
11,6,32,1,18.066091705874044,23.40439860951181,23.40439860951181,1.0
11,6,32,2,18.066091705874044,29.997765945398516,29.997765945398516,1.0
11,6,32,3,18.066091705874044,34.5002691836421,34.5002691836421,1.0
11,6,33,1,26.566308069946388,31.582595746945902,31.582595746945902,1.0
11,6,33,2,26.566308069946388,35.42161859482858,35.42161859482858,1.0
11,6,33,3,26.566308069946388,38.447847238109816,38.447847238109816,1.0
11,6,34,1,20.12182930559874,23.82114382904776,23.82114382904776,1.0
11,6,34,2,20.12182930559874,26.76096693124342,26.76096693124342,1.0
11,6,34,3,20.12182930559874,28.780849944568185,28.780849944568185,1.0
11,6,35,1,16.500505036255923,19.828559179156056,19.828559179156056,1.0
11,6,35,2,16.500505036255923,22.973142990285766,22.884118946032707,0.9862460955045953
11,6,35,3,16.500505036255923,26.790800179769754,26.301197133185894,0.9524208936910361
11,6,36,1,18.84340287361896,24.875202173508768,24.875202173508768,1.0
11,6,36,2,18.84340287361896,31.71401065384081,31.71401065384081,1.0
11,6,36,3,18.84340287361896,36.85619881603396,36.85619881603396,1.0
11,6,37,1,25.917963770275584,31.895141920130037,31.895141920130037,1.0
11,6,37,2,25.917963770275584,37.09306212217355,37.09306212217355,1.0
11,6,37,3,25.917963770275584,38.65812682225582,38.65812682225582,1.0
11,6,38,1,29.81218315485788,35.71937612269578,35.71937612269578,1.0
11,6,38,2,29.81218315485788,39.55076839341828,39.55076839341828,1.0
11,6,38,3,29.81218315485788,43.16525282646374,43.16525282646374,1.0
11,6,39,1,29.765267053643218,34.38081251381755,34.38081251381755,1.0
11,6,39,2,29.765267053643218,37.834958520463545,37.834958520463545,1.0
11,6,39,3,29.765267053643218,42.661575169213734,42.661575169213734,1.0
11,6,40,1,19.670818178634228,22.8155244520353,22.8155244520353,1.0
11,6,40,2,19.670818178634228,25.577593291838994,25.577593291838994,1.0
11,6,40,3,19.670818178634228,29.221334267754774,29.221334267754774,1.0
11,6,41,1,17.746919408916284,19.584731313065273,19.584731313065273,1.0
11,6,41,2,17.746919408916284,20.972289405724432,20.972289405724432,1.0
11,6,41,3,17.746919408916284,22.17413811007834,22.17413811007834,1.0
11,6,42,1,15.184170684804837,18.47125060415497,18.47125060415497,1.0
11,6,42,2,15.184170684804837,20.578154333209188,20.578154333209188,1.0
11,6,42,3,15.184170684804837,22.461167458061833,22.461167458061833,1.0
11,6,43,1,16.448826050368417,18.125114273032956,18.125114273032956,1.0
11,6,43,2,16.448826050368417,20.25777201449197,20.25777201449197,1.0
11,6,43,3,16.448826050368417,22.07225887424342,22.07225887424342,1.0
11,6,44,1,24.091829366862825,27.762343668423405,27.762343668423405,1.0
11,6,44,2,24.091829366862825,30.862927798377633,30.862927798377633,1.0
11,6,44,3,24.091829366862825,32.755271704274165,32.755271704274165,1.0
11,6,45,1,13.526700592223886,15.937110017430781,15.937110017430781,1.0
11,6,45,2,13.526700592223886,20.85811611522665,20.85811611522665,1.0
11,6,45,3,13.526700592223886,24.65764117485807,24.65764117485807,1.0
11,6,46,1,24.50125830025439,29.236810600514705,29.236810600514705,1.0
11,6,46,2,24.50125830025439,33.881356129425434,33.881356129425434,1.0
11,6,46,3,24.50125830025439,37.646030907920085,37.646030907920085,1.0
11,6,47,1,28.396112817146538,33.64200248286487,33.64200248286487,1.0
11,6,47,2,28.396112817146538,39.151130963772005,39.151130963772005,1.0
11,6,47,3,28.396112817146538,42.235379713644164,42.235379713644164,1.0
11,6,48,1,30.136597518901294,34.722493770027555,34.722493770027555,1.0
11,6,48,2,30.136597518901294,38.06982247072082,38.06982247072082,1.0
11,6,48,3,30.136597518901294,41.192504745025616,41.192504745025616,1.0
11,6,49,1,27.045469767359005,30.497150387824735,30.497150387824735,1.0
11,6,49,2,27.045469767359005,34.55798353708524,34.55798353708524,1.0
11,6,49,3,27.045469767359005,37.823409644216895,37.823409644216895,1.0
11,6,50,1,16.282232701548168,20.33825826984883,20.33825826984883,1.0
11,6,50,2,16.282232701548168,24.51944846678449,24.51944846678449,1.0
11,6,50,3,16.282232701548168,27.70300929409808,27.70300929409808,1.0
11,6,51,1,27.35409240113077,30.732475679666948,30.732475679666948,1.0
11,6,51,2,27.35409240113077,32.35752752608539,32.35752752608539,1.0
11,6,51,3,27.35409240113077,33.777167656988425,33.777167656988425,1.0
11,6,52,1,34.83443639530029,39.792735867419466,39.792735867419466,1.0
11,6,52,2,34.83443639530029,42.4463787904702,42.4463787904702,1.0
11,6,52,3,34.83443639530029,44.30284740641456,44.30284740641456,1.0
11,6,53,1,14.234493868441902,18.03261342455151,18.03261342455151,1.0
11,6,53,2,14.234493868441902,21.253601612669673,21.253601612669673,1.0
11,6,53,3,14.234493868441902,24.35523004922976,24.35523004922976,1.0
11,6,54,1,19.05517286721225,24.261869138536067,24.261869138536067,1.0
11,6,54,2,19.05517286721225,30.535685087237198,30.535685087237198,1.0
11,6,54,3,19.05517286721225,37.1684691574037,37.1684691574037,1.0
11,6,55,1,33.847231778905105,37.20364087327113,37.20364087327113,1.0
11,6,55,2,33.847231778905105,40.865405986113544,40.865405986113544,1.0
11,6,55,3,33.847231778905105,44.521743053849036,44.521743053849036,1.0
11,6,56,1,20.59546000568364,26.0528588112863,26.0528588112863,1.0
11,6,56,2,20.59546000568364,30.43696196245475,30.43696196245475,1.0
11,6,56,3,20.59546000568364,32.67582326364764,32.67582326364764,1.0
11,6,57,1,14.745528906386815,19.56441446192264,19.56441446192264,1.0
11,6,57,2,14.745528906386815,25.10190030582379,25.10190030582379,1.0
11,6,57,3,14.745528906386815,30.4368419342769,30.4368419342769,1.0
11,6,58,1,19.745081967041678,21.6725289998669,21.6725289998669,1.0
11,6,58,2,19.745081967041678,23.685447237634193,23.685447237634193,1.0
11,6,58,3,19.745081967041678,25.236321708018195,25.236321708018195,1.0
11,6,59,1,28.282486673785723,33.10448971443294,33.10448971443294,1.0
11,6,59,2,28.282486673785723,35.276622812894196,35.276622812894196,1.0
11,6,59,3,28.282486673785723,36.7048094459766,36.7048094459766,1.0
11,6,60,1,21.52565135233805,22.965692763281126,22.965692763281126,1.0
11,6,60,2,21.52565135233805,25.04476553645981,25.04476553645981,1.0
11,6,60,3,21.52565135233805,26.826196237744643,26.826196237744643,1.0
11,6,61,1,28.002404198928502,32.02506715863355,32.02506715863355,1.0
11,6,61,2,28.002404198928502,35.045981877384534,35.045981877384534,1.0
11,6,61,3,28.002404198928502,38.373773949674145,38.373773949674145,1.0
11,6,62,1,22.135114408601922,28.17742773856262,28.17742773856262,1.0
11,6,62,2,22.135114408601922,33.561339881067724,33.561339881067724,1.0
11,6,62,3,22.135114408601922,38.92731571242081,38.92731571242081,1.0
11,6,63,1,19.81226069675243,24.371742447996937,24.371742447996937,1.0
11,6,63,2,19.81226069675243,29.733014294161805,29.733014294161805,1.0
11,6,63,3,19.81226069675243,34.46948826920571,34.46948826920571,1.0
11,6,64,1,26.804660909628065,30.911800741318707,30.911800741318707,1.0
11,6,64,2,26.804660909628065,34.464375231886926,34.464375231886926,1.0
11,6,64,3,26.804660909628065,38.02310765076186,38.02310765076186,1.0
11,6,65,1,20.823231578696902,25.098468171156075,25.098468171156075,1.0
11,6,65,2,20.823231578696902,28.921921376870966,28.921921376870966,1.0
11,6,65,3,20.823231578696902,31.183698713168223,31.183698713168223,1.0
11,6,66,1,14.978341866903586,19.07385356697288,19.07385356697288,1.0
11,6,66,2,14.978341866903586,23.38352145245981,23.38352145245981,1.0
11,6,66,3,14.978341866903586,28.043184207302545,28.043184207302545,1.0
11,6,67,1,27.913800805555095,32.98770002223748,32.98770002223748,1.0
11,6,67,2,27.913800805555095,37.148751306278,37.148751306278,1.0
11,6,67,3,27.913800805555095,41.058493044083995,41.058493044083995,1.0
11,6,68,1,17.170609835235265,21.450926413275376,21.450926413275376,1.0
11,6,68,2,17.170609835235265,25.24233509154484,25.24233509154484,1.0
11,6,68,3,17.170609835235265,28.635705739044123,28.635705739044123,1.0
11,6,69,1,27.294872933852517,29.955011581686172,29.955011581686172,1.0
11,6,69,2,27.294872933852517,32.135997517923784,32.135997517923784,1.0
11,6,69,3,27.294872933852517,33.94292309048647,33.94292309048647,1.0
11,6,70,1,13.287333978732285,16.313937868984137,16.313937868984137,1.0
11,6,70,2,13.287333978732285,19.792195223557762,19.792195223557762,1.0
11,6,70,3,13.287333978732285,23.16260096921008,23.16260096921008,1.0
11,6,71,1,16.842994673714944,21.433117250872513,21.433117250872513,1.0
11,6,71,2,16.842994673714944,27.23845230387112,27.23845230387112,1.0
11,6,71,3,16.842994673714944,31.120806749448157,31.120806749448157,1.0
11,6,72,1,17.113051258134398,21.463795721710476,21.463795721710476,1.0
11,6,72,2,17.113051258134398,26.180457885802767,26.180457885802767,1.0
11,6,72,3,17.113051258134398,29.241749155343964,29.241749155343964,1.0
11,6,73,1,22.2375806883359,25.536425155201904,25.536425155201904,1.0
11,6,73,2,22.2375806883359,28.09105914523654,28.09105914523654,1.0
11,6,73,3,22.2375806883359,30.64010680389755,30.64010680389755,1.0
11,6,74,1,22.534213503971586,28.72031459533629,28.72031459533629,1.0
11,6,74,2,22.534213503971586,34.031692291523854,34.031692291523854,1.0
11,6,74,3,22.534213503971586,39.44790714190237,39.44790714190237,1.0
11,6,75,1,25.450703320182072,30.2937044474442,30.2937044474442,1.0
11,6,75,2,25.450703320182072,34.78755172158364,34.78755172158364,1.0
11,6,75,3,25.450703320182072,38.09457422304811,38.09457422304811,1.0
11,6,76,1,16.566687994151742,22.31976148655455,22.31976148655455,1.0
11,6,76,2,16.566687994151742,29.74323868583576,29.74323868583576,1.0
11,6,76,3,16.566687994151742,36.599867591805314,36.599867591805314,1.0
11,6,77,1,26.542002118638322,30.083277890941453,30.083277890941453,1.0
11,6,77,2,26.542002118638322,33.354834935185146,33.354834935185146,1.0
11,6,77,3,26.542002118638322,36.223712935026875,36.223712935026875,1.0
11,6,78,1,19.894041024562533,22.795151439191677,22.795151439191677,1.0
11,6,78,2,19.894041024562533,26.143664741244134,26.143664741244134,1.0
11,6,78,3,19.894041024562533,30.14260753471134,30.14260753471134,1.0
11,6,79,1,16.072553419149955,20.54315684083134,20.54315684083134,1.0
11,6,79,2,16.072553419149955,25.24168695911301,25.24168695911301,1.0
11,6,79,3,16.072553419149955,30.104040114051408,30.104040114051408,1.0
11,6,80,1,24.816566618155065,29.855423161151588,29.855423161151588,1.0
11,6,80,2,24.816566618155065,33.23420922968998,33.23420922968998,1.0
11,6,80,3,24.816566618155065,37.63287659304011,37.63287659304011,1.0
11,6,81,1,19.770511670767252,24.864428954837962,24.864428954837962,1.0
11,6,81,2,19.770511670767252,29.349341623511606,29.349341623511606,1.0
11,6,81,3,19.770511670767252,34.10005013011302,34.10005013011302,1.0
11,6,82,1,23.53556280056263,27.650590773676083,27.650590773676083,1.0
11,6,82,2,23.53556280056263,30.85736292542652,30.85736292542652,1.0
11,6,82,3,23.53556280056263,33.6861071259737,33.6861071259737,1.0
11,6,83,1,16.227583044371777,20.008772490858707,20.008772490858707,1.0
11,6,83,2,16.227583044371777,22.896555890736586,22.896555890736586,1.0
11,6,83,3,16.227583044371777,25.538722547055848,25.538722547055848,1.0
11,6,84,1,29.866273023863428,32.610792265728755,32.610792265728755,1.0
11,6,84,2,29.866273023863428,36.08127572264639,36.08127572264639,1.0
11,6,84,3,29.866273023863428,39.643760469155325,39.643760469155325,1.0
11,6,85,1,22.898633294088842,26.090631578525265,26.090631578525265,1.0
11,6,85,2,22.898633294088842,30.49700498433643,30.49700498433643,1.0
11,6,85,3,22.898633294088842,34.52313722306967,34.52313722306967,1.0
11,6,86,1,13.275584555958673,16.31816327701392,16.31816327701392,1.0
11,6,86,2,13.275584555958673,19.02989224033343,19.02989224033343,1.0
11,6,86,3,13.275584555958673,23.62456456665981,23.62456456665981,1.0
11,6,87,1,19.234245484334668,22.60232558469344,22.60232558469344,1.0
11,6,87,2,19.234245484334668,24.626805166633247,24.626805166633247,1.0
11,6,87,3,19.234245484334668,26.954449206730143,26.954449206730143,1.0
11,6,88,1,13.46732749241459,16.51010713283369,16.51010713283369,1.0
11,6,88,2,13.46732749241459,19.249736848187815,19.249736848187815,1.0
11,6,88,3,13.46732749241459,22.979906324262238,22.74357353627537,0.9751557603711375
11,6,89,1,26.532504350645038,29.306904218990578,29.306904218990578,1.0
11,6,89,2,26.532504350645038,32.461464054828916,32.461464054828916,1.0
11,6,89,3,26.532504350645038,35.871241317733634,35.871241317733634,1.0
11,6,90,1,14.655040177739487,17.82074100318271,17.82074100318271,1.0
11,6,90,2,14.655040177739487,20.56175379122593,20.56175379122593,1.0
11,6,90,3,14.655040177739487,22.92709632408592,22.92709632408592,1.0
11,6,91,1,21.569422093621288,24.73085755514037,24.73085755514037,1.0
11,6,91,2,21.569422093621288,27.849876676066348,27.849876676066348,1.0
11,6,91,3,21.569422093621288,31.375878232583393,30.869033909386154,0.9483152408969137
11,6,92,1,19.727060662227796,23.284287247776717,23.284287247776717,1.0
11,6,92,2,19.727060662227796,26.999756746439846,26.999756746439846,1.0
11,6,92,3,19.727060662227796,31.151214322175143,31.151214322175143,1.0
11,6,93,1,34.3504407904113,37.83530948256595,37.83530948256595,1.0
11,6,93,2,34.3504407904113,40.48892360084769,40.48892360084769,1.0
11,6,93,3,34.3504407904113,43.38323149879835,43.38323149879835,1.0
11,6,94,1,21.589165109478763,27.61527684432278,27.61527684432278,1.0
11,6,94,2,21.589165109478763,32.8325784708828,32.8325784708828,1.0
11,6,94,3,21.589165109478763,37.42109661003461,37.42109661003461,1.0
11,6,95,1,19.4643555761426,22.835703721704945,22.835703721704945,1.0
11,6,95,2,19.4643555761426,24.14485005616094,24.14485005616094,1.0
11,6,95,3,19.4643555761426,25.3608547556806,25.3608547556806,1.0
11,6,96,1,21.418008560343306,25.244983525601015,25.244983525601015,1.0
11,6,96,2,21.418008560343306,29.22863956231342,29.22863956231342,1.0
11,6,96,3,21.418008560343306,32.905756349114135,32.905756349114135,1.0
11,6,97,1,22.62674273977976,26.0040903215549,26.0040903215549,1.0
11,6,97,2,22.62674273977976,30.29684327725365,30.29684327725365,1.0
11,6,97,3,22.62674273977976,33.82031157359392,33.82031157359392,1.0
11,6,98,1,39.985655931834046,43.432665503691446,43.432665503691446,1.0
11,6,98,2,39.985655931834046,46.45465347452469,46.45465347452469,1.0
11,6,98,3,39.985655931834046,48.788987700864396,48.788987700864396,1.0
11,6,99,1,17.82916497358913,21.72769597208001,21.72769597208001,1.0
11,6,99,2,17.82916497358913,25.131869120447405,25.131869120447405,1.0
11,6,99,3,17.82916497358913,28.34919896278233,28.34919896278233,1.0
13,7,0,1,18.212436155509394,22.12631546528241,22.12631546528241,1.0
13,7,0,2,18.212436155509394,26.555304631725715,26.555304631725715,1.0
13,7,0,3,18.212436155509394,30.974255752744195,30.974255752744195,1.0
13,7,1,1,28.986996294360793,34.31137886723311,34.31137886723311,1.0
13,7,1,2,28.986996294360793,38.07029001841464,38.07029001841464,1.0
13,7,1,3,28.986996294360793,40.393732060261634,40.393732060261634,1.0
13,7,2,1,13.603195529201777,17.442674283353824,17.442674283353824,1.0
13,7,2,2,13.603195529201777,21.838227147734035,21.838227147734035,1.0
13,7,2,3,13.603195529201777,27.866189506871862,27.866189506871862,1.0
13,7,3,1,22.21609251682029,25.962918185683804,25.962918185683804,1.0
13,7,3,2,22.21609251682029,29.565506639372387,29.565506639372387,1.0
13,7,3,3,22.21609251682029,32.42774143947731,32.42774143947731,1.0
13,7,4,1,24.566197601871906,30.594249805341992,30.594249805341992,1.0
13,7,4,2,24.566197601871906,34.772640174375624,34.772640174375624,1.0
13,7,4,3,24.566197601871906,38.63820774290044,38.63820774290044,1.0
13,7,5,1,27.052082073936575,30.447983173488517,30.447983173488517,1.0
13,7,5,2,27.052082073936575,33.67650925225594,33.67650925225594,1.0
13,7,5,3,27.052082073936575,36.375964791040275,36.375964791040275,1.0
13,7,6,1,19.43276057733803,23.390560426527916,23.390560426527916,1.0
13,7,6,2,19.43276057733803,28.14990908897992,28.14990908897992,1.0
13,7,6,3,19.43276057733803,32.78169263800842,32.78169263800842,1.0
13,7,7,1,24.71551797518906,29.396592831232205,29.396592831232205,1.0
13,7,7,2,24.71551797518906,33.42066565525907,33.42066565525907,1.0
13,7,7,3,24.71551797518906,37.25578697723666,37.25578697723666,1.0
13,7,8,1,26.38453205205309,31.23129455922086,31.23129455922086,1.0
13,7,8,2,26.38453205205309,36.02789240827028,36.02789240827028,1.0
13,7,8,3,26.38453205205309,39.23028080912235,39.23028080912235,1.0
13,7,9,1,37.34005042691242,40.29927397621412,40.29927397621412,1.0
13,7,9,2,37.34005042691242,44.20257727223644,44.20257727223644,1.0
13,7,9,3,37.34005042691242,48.05019846477111,48.05019846477111,1.0
13,7,10,1,25.01292392597149,29.38334544625186,29.38334544625186,1.0
13,7,10,2,25.01292392597149,33.792422421715365,33.792422421715365,1.0
13,7,10,3,25.01292392597149,37.88510670686124,37.88510670686124,1.0
13,7,11,1,23.538197049380514,28.43352539793115,28.43352539793115,1.0
13,7,11,2,23.538197049380514,32.3620682627757,32.3620682627757,1.0
13,7,11,3,23.538197049380514,36.35681725439075,36.35681725439075,1.0
13,7,12,1,21.281928681464244,23.213251332482024,23.213251332482024,1.0
13,7,12,2,21.281928681464244,25.192575680314757,25.1079689552736,0.9783650313960764
13,7,12,3,21.281928681464244,28.19629095542601,27.123898331332533,0.8449036105423758
13,7,13,1,25.438108194964265,30.70067156330173,30.70067156330173,1.0
13,7,13,2,25.438108194964265,36.237505779376,36.237505779376,1.0
13,7,13,3,25.438108194964265,41.715353013535506,41.715353013535506,1.0
13,7,14,1,28.972599348232404,35.5045546047016,35.5045546047016,1.0
13,7,14,2,28.972599348232404,42.50572468968907,42.50572468968907,1.0
13,7,14,3,28.972599348232404,47.41026751368411,47.41026751368411,1.0
13,7,15,1,25.19794885030109,29.679789067420387,29.679789067420387,1.0
13,7,15,2,25.19794885030109,33.75354552878549,33.75354552878549,1.0
13,7,15,3,25.19794885030109,37.929706538026956,37.929706538026956,1.0
13,7,16,1,23.80448950572783,28.422066205142997,28.422066205142997,1.0
13,7,16,2,23.80448950572783,32.460400116482816,32.460400116482816,1.0
13,7,16,3,23.80448950572783,35.914276331517506,35.914276331517506,1.0
13,7,17,1,23.721863488682672,27.125601276915457,27.125601276915457,1.0
13,7,17,2,23.721863488682672,30.255242045491478,30.255242045491478,1.0
13,7,17,3,23.721863488682672,32.691775300552465,32.691775300552465,1.0
13,7,18,1,25.489093531609527,27.330534196347827,27.330534196347827,1.0
13,7,18,2,25.489093531609527,29.48493962145497,29.48493962145497,1.0
13,7,18,3,25.489093531609527,33.02770688741754,33.02770688741754,1.0
13,7,19,1,19.246192895549825,24.27106933145995,24.27106933145995,1.0
13,7,19,2,19.246192895549825,31.046618743618446,31.046618743618446,1.0
13,7,19,3,19.246192895549825,38.11560564910421,38.11560564910421,1.0
13,7,20,1,13.666752744133664,16.359822277889066,16.359822277889066,1.0
13,7,20,2,13.666752744133664,18.857878221136907,18.857878221136907,1.0
13,7,20,3,13.666752744133664,21.634194208066646,21.48529793564807,0.9813119088364064
13,7,21,1,33.58660248844495,37.29134847442297,37.29134847442297,1.0
13,7,21,2,33.58660248844495,40.501795309843054,40.501795309843054,1.0
13,7,21,3,33.58660248844495,42.78972528365808,42.78972528365808,1.0
13,7,22,1,21.92266849428164,23.55728791283212,23.55728791283212,1.0
13,7,22,2,21.92266849428164,26.13405048312949,24.47237959601401,0.6054333490726453
13,7,22,3,21.92266849428164,29.639993519017832,27.76866990167997,0.7575165473347638
13,7,23,1,23.621176825093066,26.424056641766317,26.424056641766317,1.0
13,7,23,2,23.621176825093066,29.061463028445594,29.061463028445594,1.0
13,7,23,3,23.621176825093066,33.0231693101736,33.0231693101736,1.0
13,7,24,1,31.948273294436177,36.85841185217,36.85841185217,1.0
13,7,24,2,31.948273294436177,41.58883724510769,41.58883724510769,1.0
13,7,24,3,31.948273294436177,44.6414334400841,44.6414334400841,1.0
13,7,25,1,29.148153324183596,33.65495994605226,33.65495994605226,1.0
13,7,25,2,29.148153324183596,36.71304286738619,36.71304286738619,1.0
13,7,25,3,29.148153324183596,38.63909830296487,38.63909830296487,1.0
13,7,26,1,27.755532216087243,30.05459827311369,30.05459827311369,1.0
13,7,26,2,27.755532216087243,33.8452369377088,33.8452369377088,1.0
13,7,26,3,27.755532216087243,37.31585681891967,37.31585681891967,1.0
13,7,27,1,28.27673374507256,31.13797536003208,31.13797536003208,1.0
13,7,27,2,28.27673374507256,34.10492719689503,34.10492719689503,1.0
13,7,27,3,28.27673374507256,36.529516153904154,36.529516153904154,1.0
13,7,28,1,30.634439345125983,33.78604829912048,33.78604829912048,1.0
13,7,28,2,30.634439345125983,36.12990673866138,36.12990673866138,1.0
13,7,28,3,30.634439345125983,38.93006327442721,38.93006327442721,1.0
13,7,29,1,27.946631825692712,33.06250043619717,33.06250043619717,1.0
13,7,29,2,27.946631825692712,38.370711485216916,38.370711485216916,1.0
13,7,29,3,27.946631825692712,43.325983409240386,43.325983409240386,1.0
13,7,30,1,17.927809517138627,22.439280750416494,22.439280750416494,1.0
13,7,30,2,17.927809517138627,25.30693453027497,25.30693453027497,1.0
13,7,30,3,17.927809517138627,27.63098118122008,27.63098118122008,1.0
13,7,31,1,27.110541757812314,31.011675051942195,31.011675051942195,1.0
13,7,31,2,27.110541757812314,34.86629856303587,34.86629856303587,1.0
13,7,31,3,27.110541757812314,37.578911624374456,37.578911624374456,1.0
13,7,32,1,23.273097148877937,26.85535922724987,26.85535922724987,1.0
13,7,32,2,23.273097148877937,30.53024641272638,30.53024641272638,1.0
13,7,32,3,23.273097148877937,34.16338142194215,34.16338142194215,1.0
13,7,33,1,22.14905168312692,25.256709596161933,25.256709596161933,1.0
13,7,33,2,22.14905168312692,28.899425215851174,28.899425215851174,1.0
13,7,33,3,22.14905168312692,32.02032302844904,32.02032302844904,1.0
13,7,34,1,31.450373282473524,34.52806446645711,34.52806446645711,1.0
13,7,34,2,31.450373282473524,37.17660332754995,37.17660332754995,1.0
13,7,34,3,31.450373282473524,39.12401257755947,39.12401257755947,1.0
13,7,35,1,28.775934511712784,32.104208638355686,32.104208638355686,1.0
13,7,35,2,28.775934511712784,35.78817525499426,35.78817525499426,1.0
13,7,35,3,28.775934511712784,39.481613326948114,39.481613326948114,1.0
13,7,36,1,22.47705927016435,25.30082644742378,25.30082644742378,1.0
13,7,36,2,22.47705927016435,28.315737223551523,28.315737223551523,1.0
13,7,36,3,22.47705927016435,29.387883816730636,29.387883816730636,1.0
13,7,37,1,33.089098057795276,38.16866662630655,38.16866662630655,1.0
13,7,37,2,33.089098057795276,43.430336382284565,43.430336382284565,1.0
13,7,37,3,33.089098057795276,46.632440645055254,46.632440645055254,1.0
13,7,38,1,23.26525861152222,28.18745577080974,28.18745577080974,1.0
13,7,38,2,23.26525861152222,32.38373093231996,32.38373093231996,1.0
13,7,38,3,23.26525861152222,35.47196165475918,35.47196165475918,1.0
13,7,39,1,19.77798499352336,24.6147074284112,24.6147074284112,1.0
13,7,39,2,19.77798499352336,30.91569803954241,30.91569803954241,1.0
13,7,39,3,19.77798499352336,37.383895221459206,37.383895221459206,1.0
13,7,40,1,22.559745156011363,28.58253661852161,28.58253661852161,1.0
13,7,40,2,22.559745156011363,33.83819617976425,33.83819617976425,1.0
13,7,40,3,22.559745156011363,40.14138962904223,40.14138962904223,1.0
13,7,41,1,19.666615473592916,23.51916571889551,23.51916571889551,1.0
13,7,41,2,19.666615473592916,30.24810828256672,30.24810828256672,1.0
13,7,41,3,19.666615473592916,36.176223269204215,36.176223269204215,1.0
13,7,42,1,25.39401038444878,31.12637573811965,31.12637573811965,1.0
13,7,42,2,25.39401038444878,37.14227038291332,37.14227038291332,1.0
13,7,42,3,25.39401038444878,41.512878385831456,41.512878385831456,1.0
13,7,43,1,31.981740631049956,36.98189476854266,36.98189476854266,1.0
13,7,43,2,31.981740631049956,40.82885335347484,40.82885335347484,1.0
13,7,43,3,31.981740631049956,44.52212186628429,44.52212186628429,1.0
13,7,44,1,32.11885930432858,35.74107672172081,35.74107672172081,1.0
13,7,44,2,32.11885930432858,38.760746365897994,38.760746365897994,1.0
13,7,44,3,32.11885930432858,41.10117141785874,41.10117141785874,1.0
13,7,45,1,29.56689448205016,34.52381233081233,34.52381233081233,1.0
13,7,45,2,29.56689448205016,39.733553661123715,39.733553661123715,1.0
13,7,45,3,29.56689448205016,44.83039047142891,44.83039047142891,1.0
13,7,46,1,37.69649774144544,42.0539631756439,42.0539631756439,1.0
13,7,46,2,37.69649774144544,45.87384241871513,45.87384241871513,1.0
13,7,46,3,37.69649774144544,49.840391744743336,49.840391744743336,1.0
13,7,47,1,19.673684081678804,22.455120958618622,22.455120958618622,1.0
13,7,47,2,19.673684081678804,24.562591511032846,24.562591511032846,1.0
13,7,47,3,19.673684081678804,26.719374730648287,26.578024210477643,0.9799380178306129
13,7,48,1,29.64464589880716,33.65199003752002,33.65199003752002,1.0
13,7,48,2,29.64464589880716,38.571261127524224,37.438883362878045,0.8731458973381868
13,7,48,3,29.64464589880716,42.578605266237076,42.578605266237076,1.0
13,7,49,1,26.441882323161657,30.937439584587484,30.937439584587484,1.0
13,7,49,2,26.441882323161657,36.317593680643284,36.317593680643284,1.0
13,7,49,3,26.441882323161657,41.51718369509737,41.51718369509737,1.0
13,7,50,1,33.00249246837203,39.51779624532259,39.51779624532259,1.0
13,7,50,2,33.00249246837203,46.3792174051873,46.3792174051873,1.0
13,7,50,3,33.00249246837203,50.676218322716096,50.676218322716096,1.0
13,7,51,1,26.134931628505175,29.11383287528563,29.11383287528563,1.0
13,7,51,2,26.134931628505175,32.549119060646845,32.549119060646845,1.0
13,7,51,3,26.134931628505175,36.84112542794309,36.84112542794309,1.0
13,7,52,1,34.027495127875646,39.770531556429304,39.770531556429304,1.0
13,7,52,2,34.027495127875646,45.13403484919143,45.13403484919143,1.0
13,7,52,3,34.027495127875646,49.13815314923495,49.13815314923495,1.0
13,7,53,1,18.292434568621033,22.122065692117346,22.122065692117346,1.0
13,7,53,2,18.292434568621033,26.173487877756106,26.173487877756106,1.0
13,7,53,3,18.292434568621033,30.493431835579383,30.493431835579383,1.0
13,7,54,1,23.8947536890412,27.917600006225598,27.917600006225598,1.0
13,7,54,2,23.8947536890412,32.363369282609284,32.363369282609284,1.0
13,7,54,3,23.8947536890412,36.74259653777808,36.74259653777808,1.0
13,7,55,1,23.031757312389104,26.202143781167266,26.202143781167266,1.0
13,7,55,2,23.031757312389104,29.604080884090248,29.604080884090248,1.0
13,7,55,3,23.031757312389104,32.72259874389707,32.72259874389707,1.0
13,7,56,1,26.4784396043219,30.79148252701576,30.79148252701576,1.0
13,7,56,2,26.4784396043219,35.48605227636729,35.48605227636729,1.0
13,7,56,3,26.4784396043219,40.17137705512127,40.17137705512127,1.0
13,7,57,1,28.671138390200944,33.948587681599,33.948587681599,1.0
13,7,57,2,28.671138390200944,38.16718301246969,38.16718301246969,1.0
13,7,57,3,28.671138390200944,42.36861717972927,42.36861717972927,1.0
13,7,58,1,20.98473028755597,25.410657941190582,25.410657941190582,1.0
13,7,58,2,20.98473028755597,28.829691079742272,28.829691079742272,1.0
13,7,58,3,20.98473028755597,31.111210640384634,31.111210640384634,1.0
13,7,59,1,22.006885574566276,26.126036089478536,26.126036089478536,1.0
13,7,59,2,22.006885574566276,29.177850693147374,29.177850693147374,1.0
13,7,59,3,22.006885574566276,32.80541101476,32.80541101476,1.0
13,7,60,1,18.164759856014,21.574203537771147,21.574203537771147,1.0
13,7,60,2,18.164759856014,25.269067239804038,25.269067239804038,1.0
13,7,60,3,18.164759856014,28.022821624402717,28.022821624402717,1.0
13,7,61,1,36.618822297683465,40.440032732002905,40.440032732002905,1.0
13,7,61,2,36.618822297683465,43.70302591159915,43.70302591159915,1.0
13,7,61,3,36.618822297683465,46.64683044584642,46.64683044584642,1.0
13,7,62,1,17.633155125009846,20.348793013672562,20.348793013672562,1.0
13,7,62,2,17.633155125009846,23.622849609017518,23.622849609017518,1.0
13,7,62,3,17.633155125009846,27.12550363507759,27.12550363507759,1.0
13,7,63,1,17.32969214116481,20.571464764882894,20.571464764882894,1.0
13,7,63,2,17.32969214116481,23.671441022840046,23.671441022840046,1.0
13,7,63,3,17.32969214116481,28.230333457373803,26.97662081780424,0.8849872587124463
13,7,64,1,20.503487866515094,26.61185786391762,26.61185786391762,1.0
13,7,64,2,20.503487866515094,30.837365890496816,30.837365890496816,1.0
13,7,64,3,20.503487866515094,35.429617054853935,35.429617054853935,1.0
13,7,65,1,17.504486917650425,20.216778086208834,20.216778086208834,1.0
13,7,65,2,17.504486917650425,22.518345370117476,22.518345370117476,1.0
13,7,65,3,17.504486917650425,25.634945042391415,25.634945042391415,1.0
13,7,66,1,21.820516462626433,25.8989973320333,25.8989973320333,1.0
13,7,66,2,21.820516462626433,31.551300904869553,31.551300904869553,1.0
13,7,66,3,21.820516462626433,36.66401447734516,36.66401447734516,1.0
13,7,67,1,30.212456753657076,34.09849100962902,34.09849100962902,1.0
13,7,67,2,30.212456753657076,38.14234902284569,38.14234902284569,1.0
13,7,67,3,30.212456753657076,42.023908271437584,42.023908271437584,1.0
13,7,68,1,27.92644405960028,34.452881278960724,34.452881278960724,1.0
13,7,68,2,27.92644405960028,38.95361077251791,38.95361077251791,1.0
13,7,68,3,27.92644405960028,42.4328588762029,42.4328588762029,1.0
13,7,69,1,23.75835206370915,28.93782597973047,28.93782597973047,1.0
13,7,69,2,23.75835206370915,35.008213493089485,35.008213493089485,1.0
13,7,69,3,23.75835206370915,41.16101077869055,41.16101077869055,1.0
13,7,70,1,26.22605068318286,31.14355391180758,31.14355391180758,1.0
13,7,70,2,26.22605068318286,35.13641228644955,35.13641228644955,1.0
13,7,70,3,26.22605068318286,38.689212312668104,38.689212312668104,1.0
13,7,71,1,18.712200431486487,23.95462980957089,23.95462980957089,1.0
13,7,71,2,18.712200431486487,29.15133204586723,29.15133204586723,1.0
13,7,71,3,18.712200431486487,35.228894334162696,35.228894334162696,1.0
13,7,72,1,19.237029071249577,24.544173804005595,24.544173804005595,1.0
13,7,72,2,19.237029071249577,30.67142933963923,30.67142933963923,1.0
13,7,72,3,19.237029071249577,35.86249056198591,35.86249056198591,1.0
13,7,73,1,19.059538326090195,20.604108599679186,20.604108599679186,1.0
13,7,73,2,19.059538326090195,27.013513607076668,27.013513607076668,1.0
13,7,73,3,19.059538326090195,33.371518402801556,33.371518402801556,1.0
13,7,74,1,24.038001667262492,28.835361379256206,28.835361379256206,1.0
13,7,74,2,24.038001667262492,33.734659799452956,33.734659799452956,1.0
13,7,74,3,24.038001667262492,38.187605063690675,38.187605063690675,1.0
13,7,75,1,27.890769920945168,32.10259861784095,32.10259861784095,1.0
13,7,75,2,27.890769920945168,36.857825092032876,36.857825092032876,1.0
13,7,75,3,27.890769920945168,40.18151124408131,40.18151124408131,1.0
13,7,76,1,27.639256731079172,31.970405273774297,31.970405273774297,1.0
13,7,76,2,27.639256731079172,34.552041515398095,34.552041515398095,1.0
13,7,76,3,27.639256731079172,36.87689223907887,36.87689223907887,1.0
13,7,77,1,22.665555143647694,25.908114882667398,25.908114882667398,1.0
13,7,77,2,22.665555143647694,30.233072997081823,29.547755761323927,0.9094396274933266
13,7,77,3,22.665555143647694,35.309429344716875,34.471457299892734,0.9337250567746648
13,7,78,1,15.699549917731051,18.28707051932389,18.28707051932389,1.0
13,7,78,2,15.699549917731051,21.109236611483492,21.109236611483492,1.0
13,7,78,3,15.699549917731051,24.27803614319292,24.27803614319292,1.0
13,7,79,1,26.71295665107308,31.929328490244572,31.929328490244572,1.0
13,7,79,2,26.71295665107308,36.71004326614728,36.71004326614728,1.0
13,7,79,3,26.71295665107308,39.70614180642182,39.70614180642182,1.0
13,7,80,1,24.43398539855245,28.465811861321868,28.465811861321868,1.0
13,7,80,2,24.43398539855245,31.498272236446745,31.498272236446745,1.0
13,7,80,3,24.43398539855245,34.7161704392557,34.7161704392557,1.0
13,7,81,1,25.72744505653396,29.501197850679183,29.501197850679183,1.0
13,7,81,2,25.72744505653396,33.039322778583895,33.039322778583895,1.0
13,7,81,3,25.72744505653396,38.02438930176484,38.02438930176484,1.0
13,7,82,1,27.627652237164014,33.46159322729286,33.46159322729286,1.0
13,7,82,2,27.627652237164014,37.34749391455139,37.34749391455139,1.0
13,7,82,3,27.627652237164014,41.41831225012807,41.41831225012807,1.0
13,7,83,1,19.689922159463855,23.254037914912686,23.254037914912686,1.0
13,7,83,2,19.689922159463855,26.211239432080475,26.211239432080475,1.0
13,7,83,3,19.689922159463855,28.347323134639893,28.347323134639893,1.0
13,7,84,1,17.21810910558251,21.045773050902238,21.045773050902238,1.0
13,7,84,2,17.21810910558251,25.376129046589032,25.376129046589032,1.0
13,7,84,3,17.21810910558251,29.560321069683834,29.560321069683834,1.0
13,7,85,1,18.979133102775116,23.529479777268072,23.529479777268072,1.0
13,7,85,2,18.979133102775116,29.21486764923493,29.21486764923493,1.0
13,7,85,3,18.979133102775116,34.082867444387404,34.082867444387404,1.0
13,7,86,1,26.57416767621876,30.70977823151293,30.70977823151293,1.0
13,7,86,2,26.57416767621876,34.73547144539692,34.73547144539692,1.0
13,7,86,3,26.57416767621876,38.6316099826633,38.6316099826633,1.0
13,7,87,1,19.14985031281518,24.07981185787302,24.07981185787302,1.0
13,7,87,2,19.14985031281518,28.828623102969672,28.828623102969672,1.0
13,7,87,3,19.14985031281518,32.876745476932946,32.876745476932946,1.0
13,7,88,1,27.866822185151882,30.04930512806203,30.04930512806203,1.0
13,7,88,2,27.866822185151882,33.267212494392595,33.267212494392595,1.0
13,7,88,3,27.866822185151882,37.530389733380005,37.530389733380005,1.0
13,7,89,1,25.75819044436924,29.708916531841886,29.708916531841886,1.0
13,7,89,2,25.75819044436924,33.582269435619594,33.147596966421034,0.9444442637037979
13,7,89,3,25.75819044436924,37.53299552309223,37.53299552309223,1.0
13,7,90,1,24.21078861529537,29.410640798687403,29.410640798687403,1.0
13,7,90,2,24.21078861529537,34.503121611199525,34.503121611199525,1.0
13,7,90,3,24.21078861529537,39.9637371291777,39.9637371291777,1.0
13,7,91,1,17.54266203662999,19.950408561609024,19.950408561609024,1.0
13,7,91,2,17.54266203662999,22.619843746144987,22.619843746144987,1.0
13,7,91,3,17.54266203662999,26.370206363832853,26.370206363832853,1.0
13,7,92,1,24.635100915192876,29.737923635181673,29.737923635181673,1.0
13,7,92,2,24.635100915192876,34.12559013836092,34.12559013836092,1.0
13,7,92,3,24.635100915192876,37.832141427243194,37.832141427243194,1.0
13,7,93,1,21.341842838712253,27.230102560044656,27.230102560044656,1.0
13,7,93,2,21.341842838712253,32.38165681013311,32.38165681013311,1.0
13,7,93,3,21.341842838712253,37.79998035636264,37.28005098304685,0.9684089786734255
13,7,94,1,18.756978591488462,24.21457467691848,24.21457467691848,1.0
13,7,94,2,18.756978591488462,29.958707865357155,29.958707865357155,1.0
13,7,94,3,18.756978591488462,34.985512489992175,34.985512489992175,1.0
13,7,95,1,18.098764632386526,21.4262179622214,21.4262179622214,1.0
13,7,95,2,18.098764632386526,24.215294690802327,24.215294690802327,1.0
13,7,95,3,18.098764632386526,27.048412177605,27.048412177605,1.0
13,7,96,1,25.62401784964755,30.183869474488294,30.183869474488294,1.0
13,7,96,2,25.62401784964755,34.93985251182904,34.93985251182904,1.0
13,7,96,3,25.62401784964755,39.57723777231226,39.57723777231226,1.0
13,7,97,1,16.761447534269394,18.93533613884788,18.93533613884788,1.0
13,7,97,2,16.761447534269394,22.158762222310546,22.158762222310546,1.0
13,7,97,3,16.761447534269394,25.74505405828744,25.74505405828744,1.0
13,7,98,1,27.03336556406697,30.63778022414352,30.63778022414352,1.0
13,7,98,2,27.03336556406697,34.53707896288249,34.53707896288249,1.0
13,7,98,3,27.03336556406697,37.89129406465182,37.89129406465182,1.0
13,7,99,1,23.951796464967636,29.59207928390085,29.59207928390085,1.0
13,7,99,2,23.951796464967636,35.02913791322838,35.02913791322838,1.0
13,7,99,3,23.951796464967636,40.085853916278,40.085853916278,1.0
