trial,order,absolute_interaction_mass,normalized_mass
0,1,18.545996652476386,0.7437775015012993
0,2,5.567377510819851,0.22327676492701146
0,3,4.87832654356567,0.1956427360616533
0,4,7.114477686436995,0.285322408779702
0,5,3.8020505695448836,0.15247925070773094
0,6,0.9911617777668909,0.03975002500351512
0,7,1.2434497875801753e-14,4.986790376268141e-16
1,1,21.16953208696956,0.8445703552384756
1,2,1.5077034308486343,0.06015067394757814
1,3,1.0976327950638112,0.04379067595070066
1,4,2.2162194114708793,0.08841731635554109
1,5,7.105427357601002e-15,2.8347500940864273e-16
1,6,0.0,0.0
1,7,0.0,0.0
2,1,4.7020478879677405,0.705842106101704
2,2,1.1048332071537743,0.16585067111376695
2,3,1.2920945923018365,0.19396118245557262
2,4,1.0658141036401503e-14,1.5999336662464563e-15
2,5,7.105427357601002e-15,1.0666224441643043e-15
2,6,0.0,0.0
2,7,0.0,0.0
3,1,17.16998929550152,0.8379302260594826
3,2,1.4012326115448595,0.0683829872428239
3,3,3.4256476581703303,0.1671785385074673
3,4,2.3747981913681446,0.11589495782971229
3,5,1.4210854715202004e-14,6.935184698762427e-16
3,6,3.552713678800501e-15,1.7337961746906067e-16
3,7,3.552713678800501e-15,1.7337961746906067e-16
4,1,14.655762155851175,0.5821103344315492
4,2,6.150769904977734,0.24430163974574637
4,3,5.95206952200806,0.23640948475904883
4,4,13.55110081241474,0.53823443243319
4,5,8.78328318719444,0.34886209663709
4,6,1.4210854715202004e-14,5.644391129479243e-16
4,7,1.7763568394002505e-15,7.055488911849054e-17
5,1,5.539419373905776,0.3180487952579595
5,2,2.104146700843266,0.12081073449713399
5,3,1.3050210914120548,0.07492850024409282
5,4,24.054154777978457,1.3810824622022324
5,5,14.772608790976797,0.848177419265247
5,6,3.197442310920451e-14,1.8358290034611366e-15
5,7,7.105427357601002e-15,4.079620007691414e-16
6,1,9.348525603749517,0.43795574251413083
6,2,12.960608871868825,0.6071730797461726
6,3,9.258228269341405,0.43372553148257625
6,4,10.666599765849554,0.49970431900834134
6,5,4.474691645395728,0.2096284467889844
6,6,0.2495412486935784,0.011690402047534229
6,7,1.0658141036401503e-14,4.993080480568384e-16
7,1,9.75134164745722,0.3608617593872297
7,2,4.168139092166925,0.15424769847565178
7,3,4.168139092166914,0.1542476984756514
7,4,76.73512073633222,2.839688288731535
7,5,111.29130120410535,4.118487097360595
7,6,63.011798036501744,2.3318379279157098
7,7,13.899239984909837,0.514360420999894
8,1,6.007193109750062,0.25471523219574954
8,2,3.69508149230737,0.15667775666603267
8,3,9.002383252745403,0.3817164020940851
8,4,35.967337425032156,1.5250764435740125
8,5,34.692774197862974,1.4710327891708215
8,6,9.407129779083832,0.3988783450436776
8,7,7.105427357601002e-15,3.0128223717393897e-16
9,1,8.056323208411017,0.6057637363980879
9,2,2.285751060194663,0.1718681173632438
9,3,1.6387821901822477,0.12322182178974886
9,4,2.2606319909617483,0.16997938712741037
9,5,1.2434497875801753e-14,9.349634688955581e-16
9,6,7.105427357601002e-15,5.342648393688903e-16
9,7,0.0,0.0
10,1,11.714808395759281,0.43924822323262536
10,2,5.2636265621754035,0.1973603440268428
10,3,33.05970764468459,1.2395779216307499
10,4,41.77029979114826,1.5661826764317985
10,5,16.741971325427308,0.6277423334356527
10,6,2.0572017855365203,0.07713504127434205
10,7,3.552713678800501e-15,1.332094489596832e-16
11,1,12.082273426639325,0.5596729359034215
11,2,13.125812712918371,0.6080115784303027
11,3,13.764761850286618,0.6376088675311596
11,4,15.21188398307477,0.7046422034001065
11,5,9.642706121603734,0.44666773003439314
11,6,1.8931555578497914,0.08769441741382482
11,7,2.4868995751603507e-14,1.1519772292672797e-15
12,1,9.41651252876957,0.4837566158955121
12,2,19.917629305378135,1.0232328497406058
12,3,19.050943521016716,0.978708406024689
12,4,10.700332470122024,0.549710586471176
12,5,2.6424705466111824,0.13575223367745293
12,6,1.4210854715202004e-14,7.300574352771756e-16
12,7,7.105427357601002e-15,3.650287176385878e-16
13,1,5.595795910011859,0.24792640324585097
13,2,6.8523638580349715,0.30359969383709584
13,3,11.033812856118807,0.4888622779488698
13,4,27.09858202412684,1.2006252698179984
13,5,28.169567577108552,1.248076177669007
13,6,10.76890634274332,0.47712537400995464
13,7,1.7763568394002505e-14,7.870297079378982e-16
14,1,5.052370937038644,0.15558616275141443
14,2,12.381200416604855,0.38127514528948153
14,3,24.276094193149945,0.7475746316278845
14,4,55.420865767001985,1.7066680076548604
14,5,39.82867278764276,1.2265113634239915
14,6,6.9522211473384665,0.21409144823155615
14,7,3.552713678800501e-15,1.0940469247553254e-16
15,1,15.072560008938275,0.5043207087814882
15,2,0.5786571319586109,0.019361593170487995
15,3,1.3173245775490052,0.0440770555400553
15,4,92.80148451040444,3.105093654728014
15,5,150.65755196918025,5.040930229989043
15,6,90.14489775602694,3.01620552198131
15,7,19.370516793440235,0.6481283042123136
16,1,5.591731251064834,0.4363658381457851
16,2,1.6010230258778506,0.12494015238032921
16,3,6.447787557208645,0.5031705021680936
16,4,5.552891885558694,0.43333490344574743
16,5,8.881784197001252e-15,6.931139983911761e-16
16,6,1.0658141036401503e-14,8.317367980694113e-16
16,7,3.552713678800501e-15,2.772455993564704e-16
17,1,5.832144506685701,0.3245470319390546
17,2,0.15227481887158945,0.008473785319821603
17,3,3.7028732012996457,0.20605739548305554
17,4,63.85460526882277,3.5533794802031253
17,5,102.58652240764961,5.708732238404779
17,6,59.024226577403745,3.2845786873481853
17,7,12.009496147979014,0.6683041418884625
18,1,5.041851289198394,0.16518776708917604
18,2,22.422272336440205,0.7346279943355571
18,3,22.422272336440212,0.7346279943355574
18,4,69.4534107867389,2.2755240459328907
18,5,139.41309959878757,4.56763543880051
18,6,96.96988890943945,3.1770551142896766
18,7,23.62000795550883,0.773869784925651
19,1,11.768405674025587,0.3696358366313084
19,2,1.3857417817511575,0.04352499710161125
19,3,1.3857417817511646,0.04352499710161147
19,4,71.19558699851214,2.236194187521592
19,5,77.98276317655677,2.4493737476444064
19,6,28.881860212246945,0.9071552136059706
19,7,3.6986315276967616,0.11617094082239184
20,1,11.328231412791759,0.7498544102102479
20,2,0.6521617503045825,0.04316881839861786
20,3,1.6310823955597833,0.1079669264476459
20,4,4.107711742575468,0.27190349965525185
20,5,2.290429475284654,0.15161136639373077
20,6,2.842170943040401e-14,1.88133022583182e-15
20,7,7.105427357601002e-15,4.70332556457955e-16
21,1,10.082726453306087,0.7863626111878943
21,2,1.2358408502135134,0.09638454861263346
21,3,0.20657583879401287,0.01611107042868597
21,4,1.5930198374899298,0.12424131953633867
21,5,1.7763568394002505e-14,1.38539968241847e-15
21,6,2.1316282072803006e-14,1.6624796189021642e-15
21,7,1.4210854715202004e-14,1.108319745934776e-15
22,1,4.951753027337274,0.2058759582092321
22,2,26.712796598227904,1.1106213427340026
22,3,27.49449040368488,1.1431213402775422
22,4,29.907032628513356,1.2434261090159537
22,5,19.657567763870155,0.817290478161408
22,6,3.789770405245129,0.15756492887780046
22,7,0.0,0.0
23,1,8.321994535141627,0.3121143565851428
23,2,8.34189781342425,0.31286082413794924
23,3,23.33303813926484,0.875099851995914
23,4,40.13523968260593,1.505262285024302
23,5,24.415738917802308,0.9157062781886349
23,6,3.673026058094244,0.13775593819505413
23,7,2.1316282072803006e-14,7.994619121468936e-16
24,1,16.170291874686278,0.5012717485103154
24,2,6.53191740932942,0.20248649104628808
24,3,6.531917409329417,0.20248649104628796
24,4,68.63204694675184,2.1275624734205865
24,5,110.30425499382642,3.419382111181329
24,6,69.44147841588432,2.152654483569549
24,7,16.408997179037645,0.5086715051886851
25,1,8.776883943455331,0.3613072147390435
25,2,8.699206609329106,0.35810956721148013
25,3,5.741822865583405,0.23636657844106898
25,4,25.91842006622645,1.0669518048655138
25,5,13.844056377994026,0.5699012864757232
25,6,4.263256414560601e-14,1.7550024710214412e-15
25,7,2.1316282072803006e-14,8.775012355107206e-16
26,1,20.1083461770821,0.8986524130459959
26,2,0.5802341510589386,0.0259309649530051
26,3,2.93466709012446,0.13115179333011187
26,4,4.0135870257330275,0.17936928446934405
26,5,1.6892537645790426,0.07549362629912074
26,6,4.263256414560601e-14,1.905271388626274e-15
26,7,1.4210854715202004e-14,6.350904628754247e-16
27,1,11.555182286258553,0.5302388872891263
27,2,0.15223462088091821,0.006985672227669943
27,3,1.4388269934842697,0.06602423095773456
27,4,42.62307924677699,1.9558682461914718
27,5,50.50171793913505,2.31739959291518
27,6,16.524803012366796,0.7582825562491793
27,7,7.105427357601002e-15,3.2605058081069637e-16
28,1,6.562860795730437,0.24454578452376288
28,2,8.876312971122868,0.3307498035938613
28,3,44.609212332415936,1.6622316343986416
28,4,69.98906460053021,2.607937489997614
28,5,46.101213351461546,1.7178266822092136
28,6,12.05494577042829,0.449192244445998
28,7,0.0,0.0
29,1,7.412160066620785,0.36844231736419536
29,2,4.97495147113624,0.24729399153889411
29,3,17.180589650142668,0.8540096554158412
29,4,20.55177556971918,1.0215839578203203
29,5,4.983154264386695,0.24770173450813557
29,6,2.1316282072803006e-14,1.0595859093573194e-15
29,7,1.4210854715202004e-14,7.063906062382129e-16
30,1,6.451896167341221,0.27644912504994523
30,2,2.8827514837674126,0.12351936620708875
30,3,5.780528627073993,0.24768254786395605
30,4,37.8951263069882,1.6237202582789185
30,5,39.98705181825149,1.713354524277454
30,6,10.315206774501998,0.44198322687754615
30,7,3.552713678800501e-15,1.5222572753555412e-16
31,1,10.86517890740787,0.46701259077594215
31,2,3.4637987813173865,0.14888274335608773
31,3,2.3809369550023796,0.10233863108059203
31,4,31.107716067212976,1.3370875157671416
31,5,24.32148227686253,1.0453981978966362
31,6,4.100579341148304,0.17625316601886
31,7,3.552713678800501e-15,1.5270452825130518e-16
32,1,16.187178227270685,0.5243119230995624
32,2,3.6640430657995964,0.11868044196316477
32,3,3.2130855490368617,0.10407367112698927
32,4,43.277662254329506,1.4017881316456458
32,5,47.465449770964995,1.5374329546995098
32,6,13.921142234690308,0.45091372655156714
32,7,4.263256414560601e-14,1.380893036452162e-15
33,1,12.035009350557258,0.48633614753167514
33,2,15.035698210643309,0.6075943383354813
33,3,8.74775050378602,0.35349762976150695
33,4,10.302854736682747,0.4163395752563125
33,5,4.278603389916167,0.17289886769979496
33,6,2.4868995751603507e-14,1.0049590519226663e-15
33,7,7.105427357601002e-15,2.8713115769219036e-16
34,1,3.6718065494994683,0.14093641267488521
34,2,36.06174351615926,1.3841722589285403
34,3,31.719450630872053,1.2175003022810746
34,4,22.177748093930905,0.8512573348919966
34,5,9.14548104762465,0.35103464021384057
34,6,1.8916032227001764,0.07260615961588623
34,7,1.0658141036401503e-14,4.090956708103744e-16
35,1,7.702717696611767,0.30105272326849036
35,2,11.468286054475275,0.4482260526619749
35,3,9.018930434044261,0.35249553145799817
35,4,43.04946539587796,1.6825436557778235
35,5,38.82465472025676,1.5174213172363207
35,6,9.693236761859183,0.378850094133345
35,7,2.1316282072803006e-14,8.331247516444055e-16
36,1,6.163184607156708,0.30870663280192995
36,2,19.439318213493326,0.9736924742906972
36,3,17.39302176668534,0.8711959037555376
36,4,16.307238650980125,0.8168103107597796
36,5,5.757496119978981,0.2883861759560134
36,6,3.907985046680551e-14,1.957463522024225e-15
36,7,3.552713678800501e-15,1.7795122927492956e-16
37,1,11.20856454961876,0.474523289240514
37,2,3.911712062387382,0.16560536955367675
37,3,7.577327092213373,0.32079203001696127
37,4,11.040849617358564,0.4674229472691092
37,5,3.709615360161818,0.15704944863622108
37,6,2.4868995751603507e-14,1.0528482583044634e-15
37,7,1.7763568394002505e-15,7.52034470217474e-17
38,1,8.999446896732135,0.4317823990685564
38,2,0.449594643226078,0.021570998294463937
38,3,18.537609921647682,0.889411735722624
38,4,41.48906382631441,1.990594279803961
38,5,44.25121529716837,2.123118911857642
38,6,13.956323427297551,0.6696072415076332
38,7,3.197442310920451e-14,1.534093514562392e-15
39,1,4.067724632526323,0.17090520863348055
39,2,11.678313726668552,0.49066365701946585
39,3,47.55876214484432,1.9981785644291883
39,4,78.51633924973746,3.2988593262468537
39,5,47.85596686970199,2.0106656032770243
39,6,10.848356856338764,0.45579306844857514
39,7,0.0,0.0
40,1,7.268673665366059,0.3484551482122492
40,2,2.4648189435484937,0.11816170182229466
40,3,2.1354678806928824,0.10237284147380435
40,4,48.89535506391609,2.3440092347066988
40,5,56.203040132057936,2.6943345623714903
40,6,17.61583976451484,0.8444910775504072
40,7,3.552713678800501e-15,1.7031461701201142e-16
41,1,8.392674903327586,0.552623970620607
41,2,1.515039509158516,0.09975927327607041
41,3,7.808896538462024,0.5141845074374802
41,4,8.225100780739444,0.5415898869625819
41,5,2.1818246873773823,0.1436644020916976
41,6,1.9539925233402755e-14,1.2866256816204644e-15
41,7,0.0,0.0
42,1,7.300632681860247,0.4359084957953873
42,2,19.814545705641883,1.1830931906595332
42,3,15.447624939706461,0.9223516980672082
42,4,6.033456279022301,0.36024752451532693
42,5,0.9529244009308684,0.05689751290303952
42,6,0.0,0.0
42,7,0.0,0.0
43,1,9.834290422269937,0.4294883997512188
43,2,0.13527869103139523,0.005907963466275463
43,3,6.101897196598152,0.2664853232805467
43,4,49.40575655161207,2.1576746677928975
43,5,54.941495300284416,2.399434416033007
43,6,18.70240353875124,0.8167813866031586
43,7,1.0101927987044519,0.04411768108589534
44,1,6.042008923692006,0.2894076283551549
44,2,3.4273869634318324,0.1641692266710637
44,3,17.331250559345506,0.8301537094957157
44,4,14.10365566237844,0.6755543707294867
44,5,15.994826112151523,0.7661399957420589
44,6,5.586356863979974,0.26758224153069765
44,7,5.329070518200751e-15,2.552584214105133e-16
45,1,12.149706769315442,0.3220348427555996
45,2,19.03021960575829,0.50440672311717
45,3,19.624279091693097,0.5201526054477332
45,4,60.741263977690345,1.609981521795526
45,5,77.42648388031583,2.0522327028079665
45,6,25.968111880862825,0.6882994779210346
45,7,0.0,0.0
46,1,13.258553014183715,0.755770603432182
46,2,4.741502697289803,0.27027748434331367
46,3,3.099472713718505,0.17667767822496708
46,4,0.6584055268736151,0.03753075782975942
46,5,1.0658141036401503e-14,6.075406323698584e-16
46,6,3.552713678800501e-15,2.0251354412328613e-16
46,7,0.0,0.0
47,1,10.15154553069872,0.565880263521411
47,2,4.826663890737597,0.26905399046482703
47,3,3.581620697738412,0.1996512213968716
47,4,4.564661725720881,0.25444913510221356
47,5,1.0658141036401503e-14,5.941195495886353e-16
47,6,3.552713678800501e-15,1.9803984986287843e-16
47,7,1.7763568394002505e-15,9.901992493143922e-17
48,1,10.52874716015042,0.484473071277781
48,2,1.6827547325265542,0.0774308035964569
48,3,10.721574204117541,0.49334587530614105
48,4,21.36675478613247,0.9831765505449688
48,5,25.135341095030807,1.1565854619449543
48,6,8.981321682723866,0.4132693504343584
48,7,2.4868995751603507e-14,1.1443297638464052e-15
49,1,15.905023371160764,0.5306731054222151
49,2,3.00403640759175,0.10023005260769798
49,3,3.0040364075917516,0.10023005260769803
49,4,50.23978506569513,1.6762567482232706
49,5,68.92265265716028,2.299612975472329
49,6,32.79721559853073,1.0942832239047513
49,7,5.234924964973416,0.1746639299412724
50,1,9.748575726281803,0.3900854431434856
50,2,6.599001015609193,0.26405644350059715
50,3,6.5990010156092005,0.2640564435005974
50,4,41.195434670059484,1.6484191988615562
50,5,53.37991443859417,2.13597638910503
50,6,28.09529225726595,1.1242221261999066
50,7,4.6468465017663725,0.1859417444924192
51,1,9.332239928534948,0.3457173859779812
51,2,13.313806578846208,0.49321646711860173
51,3,14.899606551641844,0.5519632016086277
51,4,32.47542476975037,1.203067971451655
51,5,36.963733797318525,1.369339571448531
51,6,12.22573538435129,0.45290833830929716
51,7,1.2434497875801753e-14,4.606420467637726e-16
52,1,6.605257661941792,0.24658396871342084
52,2,10.096194088170568,0.37690575214142413
52,3,17.336686088579846,0.6472039515872626
52,4,33.67346818904076,1.2570800188826867
52,5,29.90069694972927,1.116236927991999
52,6,9.299307926969641,0.34715682147155513
52,7,3.552713678800501e-15,1.326280189898828e-16
53,1,14.13181681071115,0.5121277481064842
53,2,9.055379592572564,0.32816100159737543
53,3,6.895138253207239,0.24987527603821247
53,4,27.061480778584386,0.9806902677268649
53,5,31.51519020926177,1.1420897687255367
53,6,10.606659835982168,0.3843783774932536
53,7,1.7763568394002505e-14,6.43740037237167e-16
54,1,9.643026246291292,0.4589341115805633
54,2,2.7066814413761016,0.1288172831746969
54,3,40.250681016619,1.9156237949657322
54,4,57.22890239649215,2.723656952418453
54,5,31.435818311754844,1.4961039180269602
54,6,6.417171814376424,0.30540817480646654
54,7,0.0,0.0
55,1,8.124670035188931,0.2579647184473314
55,2,2.4947727356683345,0.07921101331616048
55,3,62.66200917635297,1.9895684974911225
55,4,109.32138217171644,3.4710406022715667
55,5,108.73881414907511,3.45254360543524
55,6,59.33899807176303,1.8840602589681823
55,7,12.865933395589625,0.4085035911096193
56,1,5.789731479933154,0.20440570353091855
56,2,5.67620672449395,0.20039772706704392
56,3,48.893903441990034,1.726192789090827
56,4,78.31082147492577,2.764753186420863
56,5,54.154412471438455,1.9119143640588545
56,6,14.429627979363998,0.5094361058080328
56,7,2.4868995751603507e-14,8.779966031814363e-16
57,1,12.015182795464018,0.5206927613811664
57,2,5.220513303305019,0.22623738098693044
57,3,7.900526836855256,0.3423790719689425
57,4,18.453656335283462,0.7997119509846559
57,5,9.604653584256042,0.41622950578694523
57,6,0.3532667413123036,0.01530924981910987
57,7,3.552713678800501e-15,1.5396122783164318e-16
58,1,4.857630988420539,0.14716393382338905
58,2,21.6884977866401,0.6570619836315783
58,3,21.42813723674108,0.649174253413516
58,4,59.3525191279512,1.798109040809888
58,5,74.89700918172534,2.2690357767116116
58,6,25.98916411240449,0.7873524433371348
58,7,0.0,0.0
59,1,6.724196737153809,0.3854057780944687
59,2,9.267062141431724,0.5311533012610887
59,3,7.447989267089389,0.426890855655846
59,4,12.131820003054374,0.6953504947504422
59,5,10.245129157296109,0.5872124402203844
59,6,4.031142907783437,0.23105001678488768
59,7,0.0,0.0
60,1,6.472915522826078,0.2602932893623846
60,2,14.245357831572711,0.572844035280313
60,3,10.108604495969917,0.40649409154819555
60,4,27.629749830040296,1.111066325855743
60,5,15.967539556608642,0.6420975802259563
60,6,0.7608002291879963,0.03059381719175274
60,7,3.552713678800501e-15,1.4286414311397896e-16
61,1,13.486608842476322,0.47910404698611847
61,2,4.238181919235499,0.15055898284629793
61,3,8.788194673163094,0.31219557731617215
61,4,42.898347474128535,1.5239391995369793
61,5,82.59151947816235,2.934016378090109
61,6,54.46462849297545,1.9348247015510498
61,7,13.134796920156049,0.46660613014650915
62,1,13.752570915623973,0.6135089091849969
62,2,9.1548568910656,0.4084026397276408
62,3,7.864069855826637,0.3508199993007572
62,4,4.308697917762055,0.19221311969609503
62,5,1.2434497875801753e-14,5.547090267594648e-16
62,6,3.552713678800501e-15,1.5848829335984707e-16
62,7,0.0,0.0
63,1,10.770822213847126,0.5167228223509573
63,2,1.9785427406208775,0.09491923353458193
63,3,7.600470101458068,0.3646273500801489
63,4,11.511898764696305,0.5522754625607826
63,5,13.57204546680396,0.6511095902842462
63,6,3.282898397382027,0.15749480324778042
63,7,1.4210854715202004e-14,6.817560266678832e-16
64,1,16.06494225421386,0.6213807732772663
64,2,1.4436051151554636,0.05583764003428191
64,3,3.753806564852084,0.1451946224947828
64,4,14.080566281941547,0.5446264932673294
64,5,9.489300430850502,0.36703952907365894
64,6,1.4210854715202004e-14,5.496659590884549e-16
64,7,7.105427357601002e-15,2.7483297954422745e-16
65,1,11.524712431891036,0.6168776039262421
65,2,4.540943731878258,0.24306085773849642
65,3,4.716014043571679,0.25243176005248474
65,4,10.691713222377984,0.5722900656710643
65,5,8.814788870091853,0.47182486065777973
65,6,3.087166294039495,0.1652452291233835
65,7,1.0658141036401503e-14,5.704930638138701e-16
66,1,7.421568438779463,0.33753124357214187
66,2,16.894394701248693,0.768353226134081
66,3,16.894394701248693,0.768353226134081
66,4,27.881354205583133,1.2680376439449137
66,5,25.39159003356445,1.1548037360297512
66,6,12.25231719355903,0.5572325975427422
66,7,1.9448745769694753,0.08845245313998745
67,1,9.308402163546717,0.5775735379571324
67,2,0.5289515507714206,0.03282071543743394
67,3,11.065415663710297,0.6865938064949563
67,4,5.691385346017039,0.3531426245257911
67,5,1.0658141036401503e-14,6.613229766272785e-16
67,6,7.105427357601002e-15,4.4088198441818566e-16
67,7,0.0,0.0
68,1,12.000233626839314,0.46157078772091564
68,2,17.265413606091677,0.6640879508101812
68,3,15.199771217351277,0.5846361489395753
68,4,27.787341148718482,1.068797936899995
68,5,22.388141640978176,0.8611259158923124
68,6,6.215019347576646,0.2390512939302874
68,7,2.842170943040401e-14,1.09319795081538e-15
69,1,11.385608042162914,0.3991476373732099
69,2,7.198881421635246,0.2523726884444673
69,3,7.198881421635242,0.2523726884444672
69,4,70.15800164287936,2.459543705955759
69,5,109.43846985214843,3.8366072780181577
69,6,59.7838175971217,2.095853770714287
69,7,10.954781575207154,0.38404406400528535
70,1,12.094809940510594,0.5393556630129467
70,2,7.955053351947251,0.3547474574670118
70,3,7.596386669808135,0.33875308408724875
70,4,10.840969910945722,0.48344195095096243
70,5,5.528324252451418,0.24652995848611164
70,6,2.842170943040401e-14,1.2674370254014697e-15
70,7,7.105427357601002e-15,3.1685925635036743e-16
71,1,10.176170358987582,0.4089717195200943
71,2,2.567656820244702,0.1031919659231655
71,3,1.7487093954616686,0.07027915838410306
71,4,30.410142459518003,1.2221580234784357
71,5,18.09820836873169,0.7273517576537059
71,6,2.6645352591003757e-14,1.0708542881986656e-15
71,7,3.552713678800501e-15,1.427805717598221e-16
72,1,4.685285760302275,0.14406426660009092
72,2,17.250314603753658,0.5304167235789429
72,3,23.496696620256337,0.722481944389167
72,4,34.614090724737295,1.0643221885289171
72,5,69.6578691374027,2.1418565149711593
72,6,48.58079878816985,1.4937738072592492
72,7,11.098916317932996,0.3412720848206366
73,1,10.920849704135435,0.5800214168574119
73,2,5.039038444591558,0.26763029410836014
73,3,2.8222672088930345,0.1498945109218445
73,4,11.635217723989165,0.6179624894166543
73,5,6.1264616925422,0.32538484527310885
73,6,2.4868995751603507e-14,1.3208267252504931e-15
73,7,1.0658141036401503e-14,5.660685965359256e-16
74,1,11.689995609289635,0.35306950421724664
74,2,2.3128198155613404,0.06985341765014466
74,3,51.162322108864146,1.5452405890747314
74,4,91.44569558394629,2.7619074875415746
74,5,105.07784088954337,3.1736351686571966
74,6,74.49965780908423,2.2500912854154853
74,7,19.879431918097428,0.6004126439419321
75,1,3.0521033031113767,0.12441821808775
75,2,10.964039200514055,0.44694628094061545
75,3,10.964039200514058,0.4469462809406156
75,4,95.85283596664641,3.9074165797304747
75,5,166.0812062520358,6.7702583063546875
75,6,111.71707425348515,4.554118235259566
75,7,26.82252779580571,1.0934135517501224
76,1,6.5605117095742305,1.0
76,2,5.329070518200751e-15,8.12294948033345e-16
76,3,1.7763568394002505e-15,2.707649826777817e-16
76,4,3.552713678800501e-15,5.415299653555634e-16
76,5,0.0,0.0
76,6,0.0,0.0
76,7,0.0,0.0
77,1,14.627126117927887,0.5364730621463957
77,2,2.7694269200469677,0.1015731270934532
77,3,19.02136987013907,0.697638924979631
77,4,42.47652932903037,1.5578941191028877
77,5,37.56151358717353,1.3776281171368632
77,6,15.557901663570817,0.570610732329606
77,7,3.1669769969862998,0.11615390703701135
78,1,6.570317635925921,0.4739264416016209
78,2,3.936383032426864,0.28393695810661645
78,3,6.008076306579298,0.43337116751842825
78,4,6.855332733598072,0.49448498968518934
78,5,2.751431334758209,0.19846469136638528
78,6,3.552713678800501e-15,2.5626233694043416e-16
78,7,0.0,0.0
79,1,5.971267175794182,0.20134093107409023
79,2,22.199281661939793,0.7485218643556127
79,3,30.458039450030494,1.0269930721605824
79,4,58.90290729420006,1.9861054359885904
79,5,45.785878980354596,1.5438216433054073
79,6,12.829080156021183,0.43257467257674614
79,7,2.1316282072803006e-14,7.187486262503869e-16
80,1,12.159249537446321,0.5269709547646174
80,2,5.858262403055434,0.25389183125919645
80,3,10.794925592039995,0.4678423802662609
80,4,19.1026017140667,0.8278896022940007
80,5,14.352983947448951,0.6220454339073385
80,6,4.533240735909974,0.19646658220339874
80,7,2.842170943040401e-14,1.2317713612552505e-15
81,1,13.000362102381049,0.6052898273422126
81,2,1.2546571035906222,0.058416156075141674
81,3,0.8345611704583202,0.0388567166664313
81,4,14.302335972313042,0.6659090264636641
81,5,7.493907661872921,0.348912287138738
81,6,2.4868995751603507e-14,1.1578869900789395e-15
81,7,3.552713678800501e-15,1.654124271541342e-16
82,1,13.483109249796161,0.6885069600601844
82,2,0.07069583051790929,0.0036100405668337662
82,3,5.421411445417146,0.27684115320626657
82,4,7.572016664744773,0.3866605305039189
82,5,4.5574319312179234,0.23272255282597415
82,6,2.4868995751603507e-14,1.269920486993386e-15
82,7,3.552713678800501e-15,1.814172124276266e-16
83,1,8.862200025693475,0.46264030786443716
83,2,0.2602026865474425,0.013583562846974059
83,3,22.417037282011265,1.1702540000779
83,4,22.68671982636046,1.1843324473011236
83,5,5.747568614526106,0.30004478634956794
83,6,1.2434497875801753e-14,6.491277457879833e-16
83,7,3.552713678800501e-15,1.8546507022513808e-16
84,1,12.209608060809199,0.5287559349379609
84,2,3.1533905278482948,0.13656244725241648
84,3,5.201455588888166,0.22525706797819736
84,4,25.945611020692763,1.123614758512882
84,5,26.884147102180126,1.1642595131002762
84,6,7.072315751423172,0.30627755687944563
84,7,7.105427357601002e-15,3.077115061261912e-16
85,1,7.50832401925042,0.6064821291150859
85,2,2.678618544799381,0.21636443418957085
85,3,1.9375494715001196,0.15650485058029168
85,4,1.5356744167693464,0.12404353987946587
85,5,0.0,0.0
85,6,0.0,0.0
85,7,0.0,0.0
86,1,10.077485292851788,0.38655868702984514
86,2,6.369664283035025,0.2443316949137553
86,3,15.761365513477383,0.6045846341258366
86,4,26.07429201884041,1.0001745271893552
86,5,10.926384387185243,0.4191213065515158
86,6,1.0658141036401503e-14,4.088318549204626e-16
86,7,0.0,0.0
87,1,8.836582665242489,0.33873367696616347
87,2,20.054510741796726,0.7687517245830929
87,3,20.376931416695317,0.7811111111101826
87,4,20.918258316489005,0.8018618535809178
87,5,10.306708129161667,0.3950881550330831
87,6,3.197442310920451e-14,1.2256790117806811e-15
87,7,1.7763568394002505e-14,6.809327843226007e-16
88,1,17.7626584026061,0.7626393444182612
88,2,1.5972822450761885,0.06857927775366712
88,3,2.701922816299648,0.11600699617063963
88,4,5.699622461618738,0.24471316393286963
88,5,3.708307041723952,0.15921608056072528
88,6,2.1316282072803006e-14,9.152140978544113e-16
88,7,7.105427357601002e-15,3.0507136595147043e-16
89,1,8.336697138494506,0.35273543176758204
89,2,2.7921971936594403,0.11814113747012697
89,3,21.468226284389576,0.9083458283187459
89,4,48.04359901629854,2.032781011610911
89,5,73.56164627097232,3.1124795141126333
89,6,53.58744888466602,2.267347800410725
89,7,13.109076944538442,0.5546604175837028
90,1,12.85521313491176,0.4573249554620669
90,2,0.6033144144768237,0.021462945408577253
90,3,2.0735644579325516,0.07376717627468868
90,4,57.278750130299215,2.0376948695718182
90,5,67.17232608055079,2.389659409819049
90,6,22.471065502771864,0.7994094631019021
90,7,4.263256414560601e-14,1.5166559507421819e-15
91,1,10.435179622900794,0.3992685076431826
91,2,11.245981622790651,0.4302912323291752
91,3,18.495867167900776,0.7076847307436606
91,4,29.457552326302615,1.1270982753696317
91,5,17.742437460304014,0.678857171867144
91,6,2.568937686940064,0.09829211892451964
91,7,1.4210854715202004e-14,5.437325431390641e-16
92,1,13.131576985577421,0.6130773363468548
92,2,3.1100735247155313,0.1452008082859844
92,3,2.3240001547440734,0.10850119723663365
92,4,22.76420608881809,1.0627983865389314
92,5,23.266007861362844,1.0862261358811283
92,6,6.499564504343507,0.30344685167013596
92,7,1.4210854715202004e-14,6.63465855287379e-16
93,1,14.233169459422204,0.42113906449879324
93,2,15.845590377039713,0.46884828617002106
93,3,12.866085720365566,0.3806890179649416
93,4,28.630255303117025,0.8471281796433966
93,5,38.53671239498138,1.140246032561488
93,6,13.245311343996626,0.3919097601071095
93,7,1.7763568394002505e-15,5.2559850403932695e-17
94,1,11.227128005271833,0.5009683113126673
94,2,5.536698131287697,0.2470543055870361
94,3,5.987137063709209,0.26715344681164194
94,4,20.103590988039876,0.8970470474612752
94,5,12.087721375559973,0.5393690498842489
94,6,2.1818028386561004,0.09735473606299783
94,7,0.0,0.0
95,1,12.311552069890308,0.4565055080794036
95,2,10.188873782957899,0.37779777696928113
95,3,7.798385157650543,0.28915978735927644
95,4,21.200842691045487,0.7861154637080181
95,5,11.951170763524377,0.44314276953669407
95,6,8.881784197001252e-14,3.2933162159300354e-15
95,7,4.973799150320701e-14,1.84425708092082e-15
96,1,12.257421848221561,0.9999999999999994
96,2,2.1316282072803006e-14,1.7390510285730101e-15
96,3,2.1316282072803006e-14,1.7390510285730101e-15
96,4,7.105427357601002e-15,5.796836761910034e-16
96,5,0.0,0.0
96,6,0.0,0.0
96,7,0.0,0.0
97,1,6.046657437810056,0.30486526852003265
97,2,6.917200274363255,0.34875700182121705
97,3,8.322651086079393,0.4196181583382497
97,4,14.193385731518466,0.7156136091306226
97,5,9.195721721523613,0.46363734024977826
97,6,3.552713678800501e-15,1.7912359362209519e-16
97,7,3.552713678800501e-15,1.7912359362209519e-16
98,1,4.0238235672254845,0.20998302678440722
98,2,3.774285596290788,0.19696090055071724
98,3,9.08551559776587,0.47412716617475686
98,4,28.569969090215857,1.4909223738249215
98,5,16.10548120799665,0.8404637120325849
98,6,2.842170943040401e-14,1.4831854510704318e-15
98,7,3.552713678800501e-15,1.8539818138380397e-16
99,1,11.288350738120005,0.43518161714261877
99,2,9.595125123250146,0.3699054152987089
99,3,12.168861259583133,0.4691265220743405
99,4,22.5106152585686,0.8678155187026623
99,5,13.520295910277804,0.5212262069969428
99,6,0.698666731056294,0.026934573961994203
99,7,1.0658141036401503e-14,4.108861568494971e-16
