n,q,trial,monotone,max_relative_error_order1,max_relative_error_order2,max_relative_error_order3
5,3,0,True,0.14102480420330932,0.0903177864101714,3.4480867089214007e-16
5,3,1,True,0.15365276230617003,0.08474203991702949,0.09551982157278356
5,3,2,True,0.41983322826053426,0.3954712777131687,0.5089642750343004
5,3,3,True,0.24674711579819952,0.24469967994888017,0.2075464514382107
5,3,4,True,0.4614704362684418,0.32053740097017613,0.4931611724235995
5,3,5,True,0.153944392496449,0.04926226727738463,0.06860813689819362
5,3,6,True,0.7195101027034397,0.3869248368786564,0.877752767730768
5,3,7,True,0.27001734330293703,0.19008150141010696,0.07460277979681211
5,3,8,True,0.258116559156547,0.17933272467886946,0.04893868247666739
5,3,9,True,0.422926753651984,0.3509711644585599,0.3699529043031534
5,3,10,True,0.3107584006194798,0.1529343953382838,0.0009761354152787979
5,3,11,True,0.31740434364977754,0.29136615508352576,0.07501224799447344
5,3,12,True,0.30517236223572325,0.10935184974935708,0.10744058053060457
5,3,13,True,0.23122728337937193,0.069964603183537,0.0706460481020446
5,3,14,True,0.33042154049171674,0.1922824493422829,0.20545789987715005
5,3,15,True,0.3068637538252855,0.09443092530328182,0.0
5,3,16,True,0.1827793413796555,0.17101165069964275,0.10698832805766624
5,3,17,True,0.5065377991829846,0.31875977321057747,0.08215200036401295
5,3,18,True,0.3842266210644129,0.2744551530436973,0.15003012120371761
5,3,19,True,0.23224529999296678,0.18579723418818805,0.1795482964550624
5,3,20,True,0.09672884207782706,0.038490396870374324,1.7227385275827006e-16
5,3,21,True,0.17813545070148573,0.12295322504515463,0.07744535688485678
5,3,22,True,0.3753752885102876,0.2180531509243411,0.2672061094567203
5,3,23,True,0.3303679718508296,0.263087887366625,0.4035209934581571
5,3,24,True,0.1787715758009285,0.03415081349380174,2.2120217748501764e-16
5,3,25,True,0.4586124546785496,0.29629649377966927,0.6104639055685399
5,3,26,True,0.014808374342086122,0.013826841991808465,1.1261847356546852e-16
5,3,27,True,0.10045604895520997,0.018719781814998022,2.808584533227453e-16
5,3,28,True,0.495137262429292,0.26698903811388114,0.07403049000719336
5,3,29,True,0.5173650161357569,0.1857555776395681,0.05313125318300904
5,3,30,True,0.1896963029302029,0.18491709581505222,0.15925420240390872
5,3,31,True,0.23751900327232972,0.18576275636597622,0.15690978445832834
5,3,32,True,0.3177209163642585,0.1852707005407277,0.05299779297754849
5,3,33,True,0.12338215727820019,0.06637309899136992,1.71837723382134e-16
5,3,34,True,0.20263538359982716,0.1704999594729934,0.11407450746772932
5,3,35,True,0.4045837033585351,0.35774030438464066,2.0786795069544317e-16
5,3,36,True,0.4001017279652336,0.2627615165000731,0.24045411283076074
5,3,37,True,0.3213372919931547,0.31739130594114495,0.5815829618881254
5,3,38,True,0.28617025784183864,0.21590239457814353,0.28714839131151604
5,3,39,True,0.4072446394410525,0.3511075390832366,0.5703527777693838
5,3,40,True,0.4494197651292549,0.16085553559730617,0.1841100411825755
5,3,41,True,0.2887044846658854,0.2153536888532552,0.13450607045297303
5,3,42,True,0.2911919176811481,0.28274938203897443,0.35904365253993753
5,3,43,True,0.3614939625179302,0.28473854421594363,0.09566563866875578
5,3,44,True,0.4319251189805839,0.23976972717798126,0.01122306903838993
5,3,45,True,0.3405939725899046,0.09340730523929983,0.06566458080765256
5,3,46,True,0.09466208482526157,0.08212831630354687,3.730109594028963e-16
5,3,47,True,0.19857480751473425,0.10722704529464108,0.030826569286060562
5,3,48,True,0.1805185211484212,0.11825927916531462,0.0
5,3,49,True,0.4208504223364347,0.23188083837279355,0.25503537448548347
5,3,50,True,0.3440545979489337,0.3267710291573323,0.46030834583947805
5,3,51,True,0.23329186424452727,0.06556836694482476,1.7446437752858837e-16
5,3,52,True,0.41668842073316625,0.23927652831898857,1.8594383676881527e-16
5,3,53,True,0.2593925336766956,0.12478326407226616,0.17534962881861055
5,3,54,True,0.35962300726209007,0.3133955643265143,0.05686895555037067
5,3,55,True,0.7405045568796759,0.6469381906191735,1.3974207980042768
5,3,56,True,0.3579764990447773,0.18466411397157462,0.3069654601431472
5,3,57,True,0.3772338594099831,0.34425957574721616,0.49587403344700537
5,3,58,True,0.3773403183301061,0.25648382729028607,0.44808997127626643
5,3,59,True,0.17260147995260294,0.12603960949023965,0.025892620321095423
5,3,60,True,0.07694492818606384,0.04597781056651576,2.1944787554492035e-16
5,3,61,True,0.29001353374127825,0.1600434158085926,2.1779252909986242e-16
5,3,62,True,0.3146177957333221,0.2814430841009499,0.28839129202724373
5,3,63,True,0.40456935149124557,0.24410748984828423,0.13225253787760982
5,3,64,True,0.4558214225568027,0.34554583131303457,0.2388946871121485
5,3,65,True,0.18130448184134426,0.08810165197483621,0.048944327905731735
5,3,66,True,0.393536376787048,0.36968307934647066,0.12596538192124235
5,3,67,True,0.3790900860144189,0.1676894972918777,0.08694953312312897
5,3,68,True,0.15386902137654923,0.13401300504488636,0.06259929621897373
5,3,69,True,0.25875141285065606,0.17408983832087258,0.15634671904506553
5,3,70,True,0.5910951052334884,0.29385435101371554,0.5259346029215931
5,3,71,True,0.3943736459745475,0.36962532465532794,0.20734422321109985
5,3,72,True,0.39550197072222426,0.3584877688535049,0.3947557881693836
5,3,73,True,0.30116483966466506,0.11024324374020818,0.12567705083001637
5,3,74,True,0.40964502716112566,0.3907148396544824,0.4823863904188807
5,3,75,True,0.25795855977685717,0.13562359490666367,0.08112424962584006
5,3,76,True,0.2875390326398356,0.1393383733396719,0.11010640928802204
5,3,77,True,0.30895595064451303,0.17566766404923723,0.12349835044436387
5,3,78,True,0.2621580169449459,0.04242217291838686,0.011913546971517627
5,3,79,True,0.1469657352446372,0.0632736693925159,1.648259139005564e-16
5,3,80,True,0.199566331209156,0.1325628873881713,2.1603959844909335e-16
5,3,81,True,0.46478685407705783,0.223572010333058,0.2431480497721031
5,3,82,True,0.3049394195617609,0.2929066400159308,0.2592945046381792
5,3,83,True,0.1942252901518918,0.15398561369435482,0.09123247450977423
5,3,84,True,0.5004058258119521,0.46600507917238615,1.0011699175452036
5,3,85,True,0.1306816484614043,0.09973207120223071,0.03909219748781256
5,3,86,True,0.37210367443167475,0.2925833227577539,1.3917406558043405e-16
5,3,87,True,0.6027076411732696,0.3261886079651901,0.2369708236156369
5,3,88,True,0.16889297072634324,2.949514236141869e-16,1.682164327856917e-16
5,3,89,True,0.40023137494803723,0.1787637461352782,0.16501260702053186
5,3,90,True,0.2926608215073804,0.1328300997867899,0.024286737983087038
5,3,91,True,0.4400359214259051,0.29557634181307224,0.31801166070194525
5,3,92,True,0.30930894848870333,0.29226560581960914,0.5017666468558973
5,3,93,True,0.27200251001709663,0.24897313200116164,0.45521011988449445
5,3,94,True,0.2224797645440664,0.17227897968517206,0.03864679718849159
5,3,95,True,0.5950183115847959,0.3545510745952181,0.11573134745418075
5,3,96,True,0.462494104984614,0.24399613638463066,0.44661458902993134
5,3,97,True,0.37135819253775076,0.29980196862419234,0.191501796075801
5,3,98,True,0.4576227877097882,0.22524478944142312,0.014103358380714626
5,3,99,True,0.2840471780443756,0.1494114182687237,0.047985026244971286
9,5,0,True,0.4340110992051216,0.5069478684858466,0.48445582435047707
9,5,1,True,0.4953619397473631,0.38679597585407394,0.23914700970609926
9,5,2,True,0.10256972989230284,0.12210417215109629,0.10190633390240295
9,5,3,True,0.27404322390257424,0.17702950610589885,0.21769649219788975
9,5,4,True,0.30420249664018256,0.19077557734214023,0.2309144114145817
9,5,5,True,0.29749116744974335,0.2829361429441629,0.7534561500707144
9,5,6,True,0.40204182291357565,0.27351571870696084,0.27844872299308204
9,5,7,True,0.3288399875221134,0.28777952261146356,0.8196542677744626
9,5,8,True,0.28083392794779244,0.16831246535519245,0.1389200120729005
9,5,9,True,0.5243093480245897,0.6696167174190585,0.519441394918783
9,5,10,True,0.41823910489971605,0.254587932736515,0.22385870408889044
9,5,11,True,0.16960194211081567,0.1477993389382992,0.11645222808407596
9,5,12,True,0.37321652922711496,0.2750993370282611,0.1880714914023633
9,5,13,True,0.4938306127467027,0.46835069303194127,2.043541399722402
9,5,14,True,0.353390944695672,0.2756068375967317,0.18203665340917985
9,5,15,True,0.3800323300875357,0.20170830619147045,0.19619416397250997
9,5,16,True,0.3808806783797732,0.3511825656796769,0.15926398267949426
9,5,17,True,0.20310908279068854,0.09752232155592391,0.07513653908788327
9,5,18,True,0.22036937985309832,0.08729994164020216,0.06724713924633104
9,5,19,True,0.2633299684659503,0.164727439779482,0.13352592499154622
9,5,20,True,0.4577891021285782,0.3011213315194526,0.4352442995163769
9,5,21,True,0.2698357229421624,0.24964577980771488,0.18463760374539595
9,5,22,True,0.20893391712990295,0.19049079414121772,0.15939468485180247
9,5,23,True,0.4433516731152887,0.3238588326912443,0.5572270590248287
9,5,24,True,0.2568690031195037,0.18434423531875424,0.13128736813389835
9,5,25,True,0.29600822603105215,0.18957676048419403,0.23753622221758142
9,5,26,True,0.3604441320852832,0.30532241959101686,0.2957081817637253
9,5,27,True,0.2636246742959101,0.1923305141383649,0.1813016429588683
9,5,28,True,0.2946174719766318,0.1461457499242855,0.16034835664466085
9,5,29,True,0.4544689983084478,0.30879454485662,0.23383541147984202
9,5,30,True,0.3150248877959085,0.3127958808074187,0.7262692764771645
9,5,31,True,0.41472232346586624,0.2811414566188713,0.30625647777045684
9,5,32,True,0.4412976774344289,0.3099369242264056,0.6915822825673554
9,5,33,True,3.4536953265721117e-16,6.312459011348305e-16,3.683027904614527e-16
9,5,34,True,0.3793026122447094,0.33262586558501545,0.3031872293063658
9,5,35,True,0.5564195525048075,0.49937279859921524,0.5236731298124084
9,5,36,True,0.20309607417395004,0.0829852969687055,0.07228914589433985
9,5,37,True,0.28408778643507815,0.2692377809256722,0.1947660274537836
9,5,38,True,0.42818070957317383,0.34039505203901343,0.23764655187299144
9,5,39,True,0.5824290402679841,0.4645299865716006,1.58878641342265
9,5,40,True,0.3576700123731377,0.32417152809878347,0.2485111840713437
9,5,41,True,0.35697111028985884,0.2981541310288857,0.4017334117645764
9,5,42,True,0.3258359210336234,0.2815871064434396,0.6666315931338616
9,5,43,True,0.31195228651270773,0.1428245131797398,0.26448306834888335
9,5,44,True,0.4547214337381615,0.3016886338634756,0.4108819853783136
9,5,45,True,0.3347534564369029,0.22844627236768109,0.2802772583404526
9,5,46,True,0.32888664337103074,0.29241306119702654,0.3229637267903421
9,5,47,True,0.3153293351002098,0.2739024772573114,0.21445020832942085
9,5,48,True,0.3505593959924278,0.3851375124317789,0.2966360221212188
9,5,49,True,0.28025668470611126,0.13924505027871928,0.09464366468998281
9,5,50,True,0.30614496655691037,0.2072274569173645,0.30104804408249114
9,5,51,True,0.20643240953071287,0.18885596341511438,0.17846570399920167
9,5,52,True,0.4445125648509826,0.40779194580071565,0.40191611530400745
9,5,53,True,0.2680551455984916,0.2612101250623767,0.21531458458007668
9,5,54,True,0.4386390513777198,0.3040672211589724,0.24111401414430184
9,5,55,True,0.26184714402627257,0.238228970146729,0.20895988515745903
9,5,56,True,0.34617134108315606,0.3400255786623299,0.25921951885256805
9,5,57,True,0.24661171438243587,0.21777738526182686,0.15423232777585213
9,5,58,True,0.2179222530940297,0.2811115531107077,0.25817771331090544
9,5,59,True,0.31141460337148524,0.2952445967251619,0.4906511944675884
9,5,60,True,0.41528699656370754,0.3775815261877464,0.3087010714607104
9,5,61,True,0.5196115414949808,0.37270975219614494,0.2888953120270923
9,5,62,True,0.43153409960113,0.16217308202490152,0.29539264466682424
9,5,63,True,0.2866649261384613,0.180840679707294,0.11113491153091276
9,5,64,True,0.39402242979349544,0.31987626535494235,0.6596517092644243
9,5,65,True,0.270377870268439,0.14323091909050997,0.1378158591137605
9,5,66,True,0.2685384694764563,0.177590188626569,0.14446683849502243
9,5,67,True,0.3566202824224245,0.33979232549578114,0.23530932468605928
9,5,68,True,0.4782901663889059,0.40971510154664403,0.33436051208750134
9,5,69,True,0.5935971170255825,0.37969196804253413,0.1921365726978607
9,5,70,True,0.426667687033635,0.330568735617539,0.4770898924332234
9,5,71,True,0.4612786134409957,0.17113105784091906,0.3946542360194185
9,5,72,True,0.2718435983764811,0.23298260270081508,0.4540177129964174
9,5,73,True,0.3555590942922629,0.21616541991805496,0.2266269052930407
9,5,74,True,0.3838990110468171,0.2387430033837415,0.3403013049220272
9,5,75,True,0.5411019111949557,0.29661142928284767,0.36569414890992147
9,5,76,True,0.3224604122443688,0.27504431217479064,0.3858634215250051
9,5,77,True,0.29243033429911564,0.17280032977520676,0.13765574120606444
9,5,78,True,0.35885510975765655,0.22851808539523794,0.3764029982975831
9,5,79,True,0.2913057972414936,0.24673791896038766,0.17643605844632138
9,5,80,True,0.33806752821542096,0.21355757201018985,0.393347741599162
9,5,81,True,0.3056933017512824,0.22921413343309976,0.32750712672534654
9,5,82,True,0.3114111547566407,0.29880855703373776,1.2473128770581305
9,5,83,True,0.2832847315981429,0.21273522037327913,0.17462212776568536
9,5,84,True,0.45589123020471733,0.2745834537200292,0.9045784138452299
9,5,85,True,0.32327534298674576,0.2156682264857627,0.2302818377260866
9,5,86,True,0.4607870893125864,0.3966034555117773,1.1438950306994748
9,5,87,True,0.34423569827299766,0.2737513280525357,0.2382457679350728
9,5,88,True,0.3466665989845672,0.22453525212977155,0.527876409145077
9,5,89,True,0.3636374199859949,0.3597743494874266,0.32403386335684886
9,5,90,True,0.33202728432969375,0.16891661091414686,0.14323531531597045
9,5,91,True,0.4503331196908125,0.23800661064343906,0.2994135373959783
9,5,92,True,0.26907503445841635,0.245331871426704,0.20179693597897894
9,5,93,True,0.3275026602906002,0.20406517286723733,0.11689152693533882
9,5,94,True,0.46891288845776263,0.2761235147526241,0.6153562124359016
9,5,95,True,0.4130283188772431,0.37149457307154066,0.2789329500826252
9,5,96,True,0.4461185879784613,0.4297430850653503,0.47786761101953074
9,5,97,True,0.20950838136994152,0.17410940664040758,0.11676189407093945
9,5,98,True,0.3701656341314132,0.1761221214830616,0.3452690380080661
9,5,99,True,0.3240822637302453,0.22837393393419297,0.293742065140174
11,6,0,True,0.3695984311518869,0.3674172902682037,0.3160284477602406
11,6,1,True,0.41574824529589555,0.2373686810250776,0.4429625909654813
11,6,2,True,0.21192973228157236,0.14492408410486946,0.11469482710763976
11,6,3,True,0.336576171211249,0.3050977877942378,0.4343034448681185
11,6,4,True,0.4032209824118843,0.3426655708281587,0.26019763642295585
11,6,5,True,0.28525484277271407,0.184700903870452,0.6341877481519518
11,6,6,True,0.29326905027489897,0.19208041293025396,0.38300193460108856
11,6,7,True,0.39935450025837793,0.2756624898269671,0.4204797485910372
11,6,8,True,0.4358043385361848,0.3900608728955352,0.7653008354542946
11,6,9,True,0.30197463459858737,0.2753426179100287,0.2775487740307241
11,6,10,True,0.4356994064821024,0.3230714119731587,0.49573545594887286
11,6,11,True,0.16135259366492483,0.15440129417109535,0.15015305947859894
11,6,12,True,0.38571407315447626,0.21740348316147437,0.4063644052024872
11,6,13,True,0.23098152610222822,0.21182337066845242,0.21167960354646034
11,6,14,True,0.2710143262796152,0.17896029531503455,0.11069768659902356
11,6,15,True,0.3183666109903374,0.4256211366278402,0.5107874023881026
11,6,16,True,0.20468567548927788,0.18652532659762694,0.16407269791288476
11,6,17,True,0.2938635929072488,0.2607063555092314,0.21588957027775804
11,6,18,True,0.1909113532363681,0.15871028775805548,0.1601250053271633
11,6,19,True,0.43593919342869436,0.25759425685211446,1.1900797431884866
11,6,20,True,0.4678150106632136,0.3244949102683221,0.8972234841657019
11,6,21,True,0.18926706950034067,0.15806930904318955,0.15255919274814364
11,6,22,True,0.5928170451282315,0.4506612107512888,2.567700917659172
11,6,23,True,0.3807433330427621,0.19614711687318984,0.5125034972925497
11,6,24,True,0.2715880373983728,0.14103062234487812,0.14021081660864437
11,6,25,True,0.296203465163491,0.2537850711178101,0.5983838048657228
11,6,26,True,0.3648938211210397,0.29590201984035297,0.2551761315100839
11,6,27,True,0.1851095916985734,0.13351298923179966,0.18604505215471825
11,6,28,True,0.27421935345495674,0.17900710703581146,0.23862024870284296
11,6,29,True,0.44156551023543966,0.22352337843252693,0.19102080070313687
11,6,30,True,0.3203420458364349,0.17679699765994364,0.3304714837699625
11,6,31,True,0.3644871895091672,0.3462477157256686,0.25755342812193627
11,6,32,True,0.2835218896183131,0.232082879273777,0.1753164084562691
11,6,33,True,0.18648349587328064,0.16882017565901064,0.16224705391772198
11,6,34,True,0.2662024003299414,0.2565039582094291,0.22642813682135973
11,6,35,True,0.3091804306318347,0.2378689022384494,0.2743166117092837
11,6,36,True,0.32284862755052485,0.18139653292490218,0.3814447836138532
11,6,37,True,0.13260395519304877,0.08419748278546008,0.08961791105797125
11,6,38,True,0.16103873292638515,0.12814852066670512,0.10787112938872134
11,6,39,True,0.43957647164725416,0.4052931460827686,1.2141247599757126
11,6,40,True,0.47845832315386155,0.4600050288487386,1.0588274611938104
11,6,41,True,0.3147734634170145,0.26759582581734037,0.3302233195807859
11,6,42,True,0.48392087169998993,0.43740291495234584,0.4451624277879018
11,6,43,True,0.4288126450724504,0.21754029628318022,0.20694833732487936
11,6,44,True,0.18983021725916038,0.11893878299714866,0.08429985553278362
11,6,45,True,0.5131175388231062,0.5953427669121859,0.612185928309794
11,6,46,True,0.23981141463403738,0.138488803731947,0.12847808158976304
11,6,47,True,0.23847802188039643,0.14038402435791608,0.2868600359137636
11,6,48,True,0.2953376001546812,0.1942829776332676,0.1961639879009769
11,6,49,True,0.3652293566434521,0.29660055689717785,0.3254067785508534
11,6,50,True,0.44313921442089943,0.26268744353791507,0.253326176234849
11,6,51,True,0.30129635653593545,0.2755373235223532,0.31280320607179635
11,6,52,True,0.3462116662645211,0.33519036588714046,0.2598237462498978
11,6,53,True,0.3881422686119695,0.3440222772914818,0.5147592422440833
11,6,54,True,0.4125439532943346,0.21687372251401837,0.24559332725005192
11,6,55,True,0.41267347932307474,0.35607401259865684,0.5787566180234032
11,6,56,True,0.241636044787184,0.18012863952477193,0.1564411788540936
11,6,57,True,0.20801834317373963,0.21787066425007492,0.20817301496216298
11,6,58,True,0.2557085999542847,0.23260529379961836,0.1307523273393813
11,6,59,True,0.3693746073679527,0.3493152844344996,0.3579888954350162
11,6,60,True,0.4471707384979598,0.30217889916159524,0.3782582207537417
11,6,61,True,0.3482896521197509,0.2716098558980522,0.3067291496250743
11,6,62,True,0.27717830670921134,0.23249487088395906,0.20583814918467366
11,6,63,True,0.38411218806360975,0.22223000283688518,0.40079941795351876
11,6,64,True,0.2644070803309749,0.24867939929435864,0.16599052945812037
11,6,65,True,0.23132063313082474,0.19448751478248424,0.14596752104553745
11,6,66,True,0.20768687638425382,0.17845181606478183,0.1218607032173226
11,6,67,True,0.22088359288550058,0.20367922755547804,0.1737080829184201
11,6,68,True,0.126724833620238,0.11988719804043882,0.11947984219947892
11,6,69,True,0.30615888207102643,0.1050265049555728,0.17167250705035889
11,6,70,True,0.49113377630894706,0.3159792850570181,0.44564148964786915
11,6,71,True,0.39800129344832313,0.2175447993741231,0.4049939503290925
11,6,72,True,0.44100679707353546,0.2562744051381877,0.28332809760288835
11,6,73,True,0.33405430821525783,0.2631897852594666,0.2916962183368241
11,6,74,True,0.2807497351909891,0.13103045766475188,0.3187642387123037
11,6,75,True,0.3085119260413711,0.19663547719240568,0.36538210493614187
11,6,76,True,0.39215787173585537,0.42916653463592286,0.43932142550057734
11,6,77,True,0.33733661133614173,0.304471237349156,0.1843496091738943
11,6,78,True,0.5941584502791807,0.3518961845947888,0.3172444963750222
11,6,79,True,0.27712463814469496,0.13184451762896762,0.11925460858469498
11,6,80,True,0.3563937783984052,0.16467396071357093,0.8360594510301814
11,6,81,True,0.2888571858503706,0.27102250002028483,0.2944235570941952
11,6,82,True,0.35770580681283215,0.3305380241015292,0.24342549377558081
11,6,83,True,0.5362784855098075,0.48858360592710476,0.4070746324863945
11,6,84,True,0.32202960438848804,0.21733855020322224,0.21801903833920963
11,6,85,True,0.3353950030147995,0.1706737654297077,0.15442991871128672
11,6,86,True,0.49089650804834045,0.4215227991503904,1.7931035439875116
11,6,87,True,0.591363238775507,0.40484357227251977,0.9355986642896118
11,6,88,True,0.5915096944690874,0.4200992850885566,0.9801331264144328
11,6,89,True,0.38369200671531584,0.30243834495264227,0.2544364921308859
11,6,90,True,0.4531086549155833,0.41073909249735946,0.6073694213735471
11,6,91,True,0.4255074688431545,0.17561283358244745,0.1589880915743171
11,6,92,True,0.45022681251447333,0.33303059445317307,0.30491393019251894
11,6,93,True,0.3501908888095727,0.3424006345403417,0.5851805024156866
11,6,94,True,0.3531975979610172,0.3514067868574945,0.2255972143388199
11,6,95,True,0.477879112546831,0.46574196635477716,0.454427444280658
11,6,96,True,0.40692371001563893,0.2561788496225834,0.46649854832013554
11,6,97,True,0.3542952495277075,0.1915645341080278,0.167241418702238
11,6,98,True,0.30257314318217143,0.21919485129248606,0.33281211493726065
11,6,99,True,0.38660983825227385,0.3228951977594681,1.5158185188347677
13,7,0,True,0.413222437924011,0.2509524820818992,0.31683946767409316
13,7,1,True,0.28829879246498397,0.2785332826450552,0.2345461625872579
13,7,2,True,0.4099079414084269,0.28319378141893164,1.54752646946651
13,7,3,True,0.4201583651383538,0.2703216127671938,0.6666331124959696
13,7,4,True,0.20395555290059592,0.10704848901513082,0.21223138885930268
13,7,5,True,0.37136827747290696,0.3265603890353759,0.35077593317721933
13,7,6,True,0.44818425948381085,0.2971279565886705,0.4965931906382841
13,7,7,True,0.2419355571028708,0.23259481569460239,0.16253505284286782
13,7,8,True,0.449171946097143,0.3567527705730721,0.4085812128450875
13,7,9,True,0.4351063279010621,0.36234883903722687,0.6009010862657447
13,7,10,True,0.3152238049659457,0.2816721687029654,0.27357946777941006
13,7,11,True,0.2755961408535079,0.24184872743902677,0.28446890027904476
13,7,12,True,0.48485399334779394,0.36806136686646596,1.3219456835109746
13,7,13,True,0.3822865310631582,0.24859669833554301,0.754202506118864
13,7,14,True,0.2407515588533143,0.16745181118272573,0.2566769796454725
13,7,15,True,0.36489839281871367,0.22487977499962358,0.9262810850614432
13,7,16,True,0.304887870671745,0.2408436364991257,0.5295255642689071
13,7,17,True,0.3000542506424926,0.266945680288038,0.19232113318927674
13,7,18,True,0.420392814592409,0.3093499047605718,0.7902889478961592
13,7,19,True,0.41150061443669617,0.6030049715876312,0.7674067413522796
13,7,20,True,0.5397476868860812,0.49034283473482276,0.30886358355729576
13,7,21,True,0.411229251439382,0.29831528087131204,0.6007704781290529
13,7,22,True,0.43908440249959113,0.5763108519716358,0.552294305949744
13,7,23,True,0.42948094163097517,0.4025992068554149,1.9600782337257492
13,7,24,True,0.13424439359821191,0.08778438707785456,0.1604071025681116
13,7,25,True,0.4587172382166314,0.38117607968489475,1.4720377933924245
13,7,26,True,0.45313768892870365,0.5839065796062798,0.7816718299996398
13,7,27,True,0.35731089548976974,0.2540046870968606,0.8003907759652903
13,7,28,True,0.42344820735422467,0.27535267099648236,0.68155012957458
13,7,29,True,0.2882582395589959,0.20986342641887631,0.6916430735026692
13,7,30,True,0.1196761002655972,0.03531308025265363,0.017382764487344514
13,7,31,True,0.38461052890175007,0.3726275343466432,0.9575448243931757
13,7,32,True,0.332267866604314,0.24725546094558384,0.22686548862871356
13,7,33,True,0.4091317958815736,0.276882186553001,0.250438118110955
13,7,34,True,0.39688571616698953,0.35450150752268517,0.26756659525626864
13,7,35,True,0.24344723547300123,0.147405537141307,0.23585184226925468
13,7,36,True,0.4031865028167308,0.25909870166368354,0.303821878535038
13,7,37,True,0.28210663223058574,0.2517315286685113,0.2758266755644735
13,7,38,True,0.2436834429888685,0.16896271531316556,0.1830094043042017
13,7,39,True,0.39101933522374493,0.46625197513982775,0.6681029989674735
13,7,40,True,0.2738411289031692,0.27297129704189194,0.6688333925695399
13,7,41,True,0.44444651041947775,0.5975425996500232,0.6470368172099503
13,7,42,True,0.19184417460067263,0.13507936022491435,0.10491159570924503
13,7,43,True,0.4565157448739821,0.4327804796797458,0.9601449045355293
13,7,44,True,0.39741485981012276,0.32264833485954625,0.5789246896836407
13,7,45,True,0.3480182324276378,0.20767776165541807,0.4540040751399631
13,7,46,True,0.21140673366751023,0.143567283746213,0.21250231734323188
13,7,47,True,0.4370771406789575,0.19204651868703557,0.43732665343672195
13,7,48,True,0.24295941832638696,0.22948117951381022,0.18485337197592155
13,7,49,True,0.3812678664144561,0.21672017631493992,0.2624498120628532
13,7,50,True,0.32987317146675726,0.19137025459228021,0.5179936302763454
13,7,51,True,0.3923566303794679,0.18146278559805035,0.689744556582367
13,7,52,True,0.2048724414712985,0.18473646199800814,0.14537989739384044
13,7,53,True,0.38935469777388404,0.3408752520145313,0.5049316863675989
13,7,54,True,0.2748506141286157,0.15917042420634125,0.1936439058391094
13,7,55,True,0.2836980945697959,0.2197490357748988,0.3435534950317313
13,7,56,True,0.44346824843760596,0.3510128218110467,0.6646307811044944
13,7,57,True,0.39443777855990914,0.3308186710006152,0.35713161383718617
13,7,58,True,0.3870752626946217,0.3501047803512886,0.27546940167355694
13,7,59,True,0.44096486947361835,0.3663446476489018,0.6335020798781877
13,7,60,True,0.5244539070690118,0.4001743253118777,0.7299783503400636
13,7,61,True,0.33495141066418516,0.3212430944157885,1.1026102935580047
13,7,62,True,0.5944448118788783,0.38931733011351377,0.513064493026374
13,7,63,True,0.4915239982629441,0.438576496046392,1.7092538629954632
13,7,64,True,0.23938725750445178,0.23213185800964137,0.18429017046514112
13,7,65,True,0.606523030604023,0.5329007041211425,1.0887338275654261
13,7,66,True,0.42188565159506425,0.3620112261866456,0.44275633167077266
13,7,67,True,0.24667460183683929,0.18652743744203246,0.20819024712137815
13,7,68,True,0.26707186028688135,0.23312880518044643,0.19115306997800308
13,7,69,True,0.44348918402961496,0.3588016568659184,0.5990482738727101
13,7,70,True,0.3169464555820682,0.31650938851986254,0.31894420199792334
13,7,71,True,0.323832245813087,0.31803264537001114,1.1883557158519125
13,7,72,True,0.2574313807379461,0.22865201233179658,0.29361243555581845
13,7,73,True,0.6299187270881226,1.3181013817778897,1.9575774095307379
13,7,74,True,0.23694169499738368,0.22679983409609342,0.1964927451145603
13,7,75,True,0.35241695552046487,0.23846648144081103,0.36304722361056047
13,7,76,True,0.23942705555517127,0.19598632138412653,0.1573797680464361
13,7,77,True,0.37631078056629985,0.4495992178264511,0.40408178106154286
13,7,78,True,0.4722468184577366,0.1838072016763508,0.24033184417294298
13,7,79,True,0.3801567098536283,0.359750288108531,0.3354262642695175
13,7,80,True,0.4878683491131099,0.29871324361576507,0.29623853187596033
13,7,81,True,0.4089632566608997,0.3749156749289615,1.297612266845808
13,7,82,True,0.2847267846927802,0.270650422178806,0.5158429770218158
13,7,83,True,0.5067926897250018,0.4510425896008602,0.371481315604085
13,7,84,True,0.42750342243688194,0.3441534078276806,0.8814753072626371
13,7,85,True,0.36590652521131517,0.4002523767182737,0.5387425584108448
13,7,86,True,0.34106705156611056,0.28327658033171144,0.2416260455072957
13,7,87,True,0.3108630548562451,0.20308611700682827,0.28752733894794946
13,7,88,True,0.35216176543389677,0.18328106092969196,0.34957872251057837
13,7,89,True,0.4279250893261327,0.21569851608415455,0.23466313876985911
13,7,90,True,0.35258676548188517,0.2598751508296903,1.2225532889120043
13,7,91,True,0.38638690909057344,0.26038594369903834,0.6993723921331972
13,7,92,True,0.3680309198099433,0.35767462350667745,0.29746489679286636
13,7,93,True,0.30443921943166785,0.2758851700171464,0.6082766300566567
13,7,94,True,0.3145622318560083,0.2529724929963181,0.22783122174793327
13,7,95,True,0.30697678193182976,0.19756495142175978,0.3248861434572784
13,7,96,True,0.35163358974492187,0.22825840651125223,0.20392079683908712
13,7,97,True,0.5088564113571592,0.27653841030319015,0.3071495076670381
13,7,98,True,0.225955075341201,0.2503994021740365,0.28052662412065266
13,7,99,True,0.33251230526028014,0.28308257163257905,0.27312404085618047
15,8,0,True,0.38221188773727877,0.33112514259066017,0.906852113993922
15,8,1,True,0.31050440053475437,0.2456834534565904,0.23472479205689398
15,8,2,True,0.20943181218076293,0.14137260561861997,0.23373215130813174
15,8,3,True,0.34947759392616967,0.20380269738865153,0.32088295106751974
15,8,4,True,0.21878924833304875,0.21573599138640517,0.1261682546319789
15,8,5,True,0.4362939807787707,0.3962006918176917,0.2859885143435438
15,8,6,True,0.28551772353325644,0.27457558343102934,0.256222627739877
15,8,7,True,0.30880644139660074,0.22172561650115533,0.3261378148187998
15,8,8,True,0.4112600600826699,0.3557500356578972,1.2285008982372527
15,8,9,True,0.34846667998196296,0.23429237565594654,0.5669347694354443
15,8,10,True,0.3536052130845435,0.34827148712373396,0.8682989943799324
15,8,11,True,0.2030213921782974,0.10864305796948216,0.19283096847845776
15,8,12,True,0.4412341579969301,0.4093374650401468,0.7644618623522579
15,8,13,True,0.38844867362846064,0.38488872769762134,0.2886643106138041
15,8,14,True,0.1846898269116132,0.12386654496512677,0.10966688877004184
15,8,15,True,0.28464074637505754,0.16289768657990192,0.3038488345691436
15,8,16,True,0.41513410501005205,0.3989566492043826,0.2320091989514616
15,8,17,True,0.2676348371409799,0.24516539203710425,0.17238701729155692
15,8,18,True,0.4106028045446759,0.31450517351493157,0.45752901900652576
15,8,19,True,0.3254002804725679,0.29790647972077244,0.2698587744562547
15,8,20,True,0.1916898821855932,0.12367488036083414,0.2543584762691553
15,8,21,True,0.31291903357312845,0.29728750395381826,0.5986230382810105
15,8,22,True,0.25031544548608786,0.19273788914380224,0.4634924849691355
15,8,23,True,0.3147522304234192,0.21887278613071143,0.34037144738124386
15,8,24,True,0.4436374569845465,0.4391986214737307,1.4034350981548116
15,8,25,True,0.21007971931620337,0.15694054785970518,0.1148118411747104
15,8,26,True,0.5794802656042873,0.3619952760909106,0.28809130478862927
15,8,27,True,0.3646634203139469,0.3193002878218672,0.3710476977990725
15,8,28,True,0.3531895134353202,0.20596287583512723,0.4459538793866296
15,8,29,True,0.4024827498046163,0.3019626210726592,0.2671532800219796
15,8,30,True,0.28639477326155005,0.25233492603691005,0.2421340848726098
15,8,31,True,0.18469430069491652,0.13914857611850773,0.2951772046680995
15,8,32,True,0.24018693418796574,0.16104790964476737,0.6687775058130204
15,8,33,True,0.4403768757022508,0.3655792335559785,0.5141645459334127
15,8,34,True,0.2579816611739595,0.15093044555778984,0.22860034996041348
15,8,35,True,0.35024073932808775,0.28806278639670324,0.22593630068678466
15,8,36,True,0.464661984954323,0.39073592790313266,0.5716072764192022
15,8,37,True,0.31357075292598785,0.2405362988006054,0.23114562489611537
15,8,38,True,0.45916808156477684,0.7837938790003989,1.6661781151244461
15,8,39,True,0.23738791403174497,0.2227406572772016,0.14866010080042483
15,8,40,True,0.19548168517367112,0.137887754775698,0.7197181863871888
15,8,41,True,0.2742937853169024,0.26286317171165835,0.21387510596146408
15,8,42,True,0.2923995446376696,0.19878438305722204,0.23815170407616998
15,8,43,True,0.36389386234124205,0.2609782408325263,0.2931477815305787
15,8,44,True,0.47316745859434933,0.197671105293114,1.1817019236697393
15,8,45,True,0.23589933638617008,0.2128188611569874,0.4577384170770406
15,8,46,True,0.3256720502003164,0.21634016477800697,0.3904472337818697
15,8,47,True,0.34308231935599454,0.2907146224377345,0.38774317366434474
15,8,48,True,0.5473213500022007,0.5164553043612528,1.9194182477494959
15,8,49,True,0.4119900730896906,0.27402938170492824,0.4176096519766777
15,8,50,True,0.3104708791579169,0.25565819595504374,1.204626944876316
15,8,51,True,0.23448020637956063,0.18387498473445382,0.170694705778526
15,8,52,True,0.26061325556087084,0.1825644137829454,0.3375137286520072
15,8,53,True,0.39679599478540983,0.27039086675944035,0.4635417494320696
15,8,54,True,0.15209357544837002,0.09571516336954713,0.11992332135683145
15,8,55,True,0.495190048103854,0.3463000510833714,0.6919054142124929
15,8,56,True,0.4746912228733524,0.39720132702845107,0.49275323922706865
15,8,57,True,0.4242124615016388,0.2541799893424433,0.2342100480721757
15,8,58,True,0.3457587798022301,0.2695309189294165,1.9026271227277425
15,8,59,True,0.293739238356327,0.1473737113348726,0.23026407000248045
15,8,60,True,0.44201434067453166,0.4234543745798411,0.3151746694468685
15,8,61,True,0.41779212873727717,0.4165960847516419,1.8767246844585697
15,8,62,True,0.3185359863595563,0.22842431005872135,0.16294446850868835
15,8,63,True,0.42666691827332337,0.40707115386694526,0.43339600947195484
15,8,64,True,0.23497680822163816,0.2211650205699437,0.25191835842433336
15,8,65,True,0.3223270106018885,0.3011556581354831,1.1496689207418076
15,8,66,True,0.4826968343133996,0.4173696553520715,0.9248247044105735
15,8,67,True,0.5896002677101877,0.3837527182217107,1.1213998829426532
15,8,68,True,0.47651262879889367,0.4104384871505277,2.8499206367546877
15,8,69,True,0.2228592946910436,0.17877129133151606,0.14646330151777864
15,8,70,True,0.2566018917902633,0.211726305041261,0.26519315498230456
15,8,71,True,0.3372310420625411,0.3309637123669969,0.25520214269112057
15,8,72,True,0.26640044857083006,0.20619653770401275,0.912054455396635
15,8,73,True,0.28656739242013535,0.2734185795972087,0.21365537073158225
15,8,74,True,0.3721069453986902,0.21415642179823843,0.5521263740768257
15,8,75,True,0.29601416463173613,0.26671978833106996,0.8870444207538575
15,8,76,True,0.3033420560537635,0.2722395251989142,0.49506326339041407
15,8,77,True,0.5436632571921053,0.34341917922540094,0.426478925057209
15,8,78,True,0.3197373711051931,0.2928433905298032,0.29011151332508395
15,8,79,True,0.3515193841810477,0.24031423081083197,0.37206578089224834
15,8,80,True,0.44624594239082715,0.27900103169203744,0.5293036858558774
15,8,81,True,0.31844430949353153,0.2691818163664837,0.49353937614325777
15,8,82,True,0.393370314522152,0.35583052860720943,1.7035074945386512
15,8,83,True,0.278964103271088,0.26963105099339474,0.20501245205434773
15,8,84,True,0.28030039788805183,0.2148599532871805,0.3311576036072572
15,8,85,True,0.20563130051958475,0.09137552904390751,0.22809022453503044
15,8,86,True,0.3206833511564475,0.22628255181148782,0.3097780714984749
15,8,87,True,0.3674151853468337,0.39851256564030324,0.6420895334956134
15,8,88,True,0.3896116445071269,0.31495976881529664,0.2508456576037348
15,8,89,True,0.2522732227238952,0.17207834903404656,0.34361945325974086
15,8,90,True,0.4194971247686772,0.25183961327283627,0.4261987985202802
15,8,91,True,0.4085293631156534,0.21428199755694474,0.6683842399134694
15,8,92,True,0.2925175930294336,0.24903835754540535,0.8349217909738544
15,8,93,True,0.4106025262244699,0.27932429861506347,0.5522448262492556
15,8,94,True,0.33816770487170683,0.20702751080470908,0.28261189428551636
15,8,95,True,0.37495454506057113,0.3722528699912813,0.4767144657053895
15,8,96,True,0.35846013919299335,0.22455649115506818,0.4877639956066884
15,8,97,True,0.4165330253708316,0.24196200606443613,0.1966436079313939
15,8,98,True,0.5398803551796266,0.36392836913475535,1.1874749880690383
15,8,99,True,0.47690642218374146,0.3317493341590332,0.5732612214925958
17,9,0,True,0.3703635082318031,0.3126507615048211,0.34339864841714624
17,9,1,True,0.3734393578563952,0.18495833318527644,0.5135371448088383
17,9,2,True,0.27018877687455145,0.2645813585803215,0.2251807053238882
17,9,3,True,0.4766620757585905,0.26820533102190675,0.2857103729125222
17,9,4,True,0.3866738978702856,0.2784791957532585,0.6417658296126827
17,9,5,True,0.24201304946365276,0.20073244125468517,0.8499251213190303
17,9,6,True,0.4013570381367599,0.3998000649692123,0.3805970909017594
17,9,7,True,0.3355237494419366,0.30220495026236416,1.3823512356429521
17,9,8,True,0.4129616052454391,0.2461546072038866,0.33164426261180463
17,9,9,True,0.36068717840175396,0.4048806226158701,1.1951418292507576
17,9,10,True,0.37055140916208107,0.29220561453129984,0.39551991070590586
17,9,11,True,0.34931344289051125,0.389682223704934,0.9186664059735649
17,9,12,True,0.40544382292004055,0.2968256996381054,1.2221676972690323
17,9,13,True,0.3864873519026056,0.3244541482942447,0.2796824643229042
17,9,14,True,0.38995652985292506,0.28417969557503187,2.2877388946675605
17,9,15,True,0.45954340810887606,0.4005888771371576,0.37677028613189206
17,9,16,True,0.40314172550270866,0.36448474155609784,1.0007904278475057
17,9,17,True,0.45262424226420556,0.31552609101672047,0.6760030680953458
17,9,18,True,0.2919584139552379,0.2280636425698551,0.20654836326489706
17,9,19,True,0.2614890129173355,0.2488791170461105,0.37139611574360076
17,9,20,True,0.3403094026195373,0.27820325933273504,0.3494669346832757
17,9,21,True,0.31131152024844744,0.30172545907358556,0.24664516561003724
17,9,22,True,0.45840066062604506,0.40599635177357,0.3670993713743443
17,9,23,True,0.22715873428120686,0.21068020135611423,0.451331295857322
17,9,24,True,0.418222765598388,0.34644355518250614,1.7521178312195331
17,9,25,True,0.4186485139668595,0.3279772233695376,0.5898123920162884
17,9,26,True,0.3731879212051919,0.34848272402799435,0.3592874312826574
17,9,27,True,0.40450134346793476,0.257109778798056,1.1451175830038116
17,9,28,True,0.4194448537735383,0.2481764455126385,0.5683538722204194
17,9,29,True,0.43263038123014536,0.3085538972939382,0.699061328013298
17,9,30,True,0.2665656196001652,0.23140796910655223,1.199674834423967
17,9,31,True,0.42470130607639545,0.354600669643985,0.791767012030958
17,9,32,True,0.4608746097062131,0.3665196113654193,0.6152606102098647
17,9,33,True,0.5172164693026697,0.41151008438749337,0.9846610272134938
17,9,34,True,0.335823233742894,0.20077570434008,0.31015617765732983
17,9,35,True,0.3634776395787651,0.29541213330862304,0.376411780941241
17,9,36,True,0.47767179685675787,0.3909644573026935,0.36974713376508994
17,9,37,True,0.2955996169465815,0.25922827969585305,0.514481194337697
17,9,38,True,0.5352962794613375,0.47325541937180615,0.31623042413181174
17,9,39,True,0.40463706500284763,0.2876112753149394,0.6486822240568877
17,9,40,True,0.30846537893825643,0.25276574220824954,0.5019105552954966
17,9,41,True,0.4419936495916611,0.24062655399480978,0.7076598207700636
17,9,42,True,0.47302228726489176,0.28634760849078755,0.27236967389816186
17,9,43,True,0.3364855038005021,0.5323955761278779,0.8910941183451396
17,9,44,True,0.40559139348340983,0.3864072275212262,0.5424234633168603
17,9,45,True,0.3828353757809333,0.2629657574976562,0.7808088371455824
17,9,46,True,0.46515895675558805,0.25725437338961005,0.3307667198402117
17,9,47,True,0.4812353835209186,0.6407762189334453,1.1225404598745872
17,9,48,True,0.33976078752750194,0.221083902408432,0.3157920968092524
17,9,49,True,0.23917332547971284,0.21478383399917803,0.1817589490600254
17,9,50,True,0.4705846630255108,0.356733995706279,0.3575568469011364
17,9,51,True,0.40764643298153147,0.33045277308975185,0.2589799090701541
17,9,52,True,0.32846659746497214,0.2813480291448273,0.24621284538379073
17,9,53,True,0.4705709558256133,0.3599891695475677,0.47640349458988407
17,9,54,True,0.41710242748907167,0.3217653513968712,0.3494908326787219
17,9,55,True,0.4235525780938633,0.23563280624517835,0.49194023251483604
17,9,56,True,0.22735560269412095,0.22734067421053233,0.24897497749446823
17,9,57,True,0.48586798950460014,0.2505197553389767,0.4523628980445367
17,9,58,True,0.309455416115403,0.2744846105780573,0.34760752315195326
17,9,59,True,0.44605114130468215,0.2533415130835513,0.44358830673534827
17,9,60,True,0.3125756125196599,0.2523075465591104,0.2331078254509683
17,9,61,True,0.37816491267522373,0.321365290363163,0.438524806422546
17,9,62,True,0.3022494441909722,0.13489993680337134,0.1973546441194237
17,9,63,True,0.34344199066191194,0.3041608524114209,0.29572387138909595
17,9,64,True,0.6111180709662051,0.5875820658698024,1.7056974159578209
17,9,65,True,0.48868502551871124,0.323351406412469,2.360521362732807
17,9,66,True,0.5145543533601262,0.4928396628025451,0.8373494063958832
17,9,67,True,0.3835401183166881,0.303200030178025,0.3495319011255067
17,9,68,True,0.31863373195387745,0.36194174820779484,1.0710268491915451
17,9,69,True,0.5294787158388417,0.3563352377408102,0.5034879912547133
17,9,70,True,0.3912946907913144,0.2844555884109264,0.9933059041219928
17,9,71,True,0.36615834483938253,0.3305614379228018,0.7626839389760189
17,9,72,True,0.5355909143503671,0.4534778173492174,0.9630933565496114
17,9,73,True,0.27896711649652034,0.16553751349451695,0.2882319992031524
17,9,74,True,0.5319364495946121,0.7476353705798501,1.6877948472656437
17,9,75,True,0.2901951252100484,0.2640386354765821,0.4667608300960917
17,9,76,True,0.373754716067509,0.37237517661173125,0.3354074797636176
17,9,77,True,0.3585236817375646,0.34513349720173936,1.640958363886854
17,9,78,True,0.4301775949483771,0.31919101239217457,0.57659025699519
17,9,79,True,0.43854351218406185,0.6723604995287451,0.7596630444566297
17,9,80,True,0.27346938867973847,0.24844526157515306,0.6604410334162572
17,9,81,True,0.3893141095894446,0.3923455711674047,0.8354540407710678
17,9,82,True,0.34244751935706247,0.25850519212529677,0.9871110419634995
17,9,83,True,0.3751684561907323,0.2521526737467283,0.4193100961528045
17,9,84,True,0.27292480937261054,0.19795661805139694,0.1906144889775574
17,9,85,True,0.4375017332138202,0.3208697634184983,1.3219371020443134
17,9,86,True,0.3995148125410845,0.29960315423849637,0.6419342300274605
17,9,87,True,0.5001409520887039,0.4236323466868475,0.3275485690002902
17,9,88,True,0.42302425798847787,0.31095026319461416,0.4285247776549523
17,9,89,True,0.33843472860227586,0.2834572126696287,0.4031769263833816
17,9,90,True,0.517030281808287,0.47573772479102955,0.7707560581696499
17,9,91,True,0.3146102868992884,0.25414315795526615,0.28176740645957693
17,9,92,True,0.39130816378609595,0.2576434082035436,0.2465857903992583
17,9,93,True,0.4356957837944807,0.2685086094430297,0.819467388469661
17,9,94,True,0.40816130052339683,0.2759501657248956,0.7013409089752111
17,9,95,True,0.2527647073932087,0.21871592779967214,0.18864407865587163
17,9,96,True,0.35660635138979896,0.33797247933174734,0.5497963828503162
17,9,97,True,0.26934371875434093,0.2031784202154678,0.25875076283678744
17,9,98,True,0.3974417798138625,0.3834322060280335,0.40309608306576483
17,9,99,True,0.346566810225481,0.22430568560986322,0.6610064024118791
